order_id,customer_id,product_id,quantity,order_date
1,309,49,4,2026-03-29
2,682,186,2,2026-02-16
3,177,75,1,2026-01-28
4,194,71,1,2026-05-20
5,872,8,5,2025-09-15
6,118,127,2,2025-10-22
7,155,52,1,2026-07-04
8,493,141,2,2025-09-19
9,333,61,4,2026-04-24
10,281,175,2,2026-03-31
11,57,181,5,2025-08-26
12,737,147,5,2025-11-01
13,740,179,4,2025-09-13
14,886,34,4,2025-12-29
15,484,133,5,2026-01-17
16,540,28,4,2026-04-23
17,92,121,4,2026-06-04
18,511,135,1,2026-01-27
19,315,200,4,2025-12-19
20,703,1,4,2025-09-18
21,586,158,1,2026-06-07
22,490,100,1,2025-09-05
23,609,124,3,2026-06-18
24,165,149,2,2025-09-25
25,688,134,3,2026-01-01
26,824,6,5,2026-01-15
27,227,130,5,2026-02-06
28,371,200,4,2026-07-20
29,198,37,2,2026-08-06
30,62,55,3,2025-12-21
31,6,63,3,2026-01-31
32,470,161,3,2026-01-14
33,962,69,2,2026-03-22
34,390,48,5,2026-01-25
35,905,57,2,2025-11-30
36,848,41,1,2026-07-29
37,447,74,3,2026-03-15
38,710,64,5,2026-08-01
39,994,100,5,2026-01-13
40,493,156,3,2025-08-30
41,239,148,1,2026-08-19
42,107,182,1,2026-01-24
43,375,171,1,2026-02-17
44,866,126,5,2026-08-08
45,995,30,1,2026-02-23
46,510,12,4,2025-12-01
47,51,99,1,2026-05-02
48,630,93,4,2025-11-18
49,916,64,2,2026-06-10
50,357,195,4,2026-05-06
51,876,31,3,2026-04-29
52,773,111,4,2026-07-20
53,750,112,5,2025-11-20
54,973,165,3,2025-10-10
55,749,166,5,2025-09-16
56,842,80,2,2025-09-30
57,154,171,2,2025-12-27
58,629,63,5,2026-04-10
59,208,65,5,2025-08-23
60,981,75,3,2025-10-21
61,331,166,5,2025-10-07
62,108,168,3,2025-12-21
63,146,90,3,2026-05-14
64,482,179,2,2026-08-10
65,594,32,3,2025-09-05
66,949,68,3,2025-09-05
67,60,174,3,2026-05-29
68,375,22,5,2026-05-10
69,62,100,3,2026-03-27
70,730,73,5,2026-07-20
71,189,69,1,2025-09-16
72,455,108,3,2025-10-27
73,523,112,4,2025-09-08
74,679,152,5,2025-08-30
75,669,39,5,2026-06-20
76,183,133,2,2026-05-03
77,487,128,3,2026-06-03
78,584,75,5,2026-01-18
79,948,144,1,2026-03-22
80,19,105,2,2025-09-12
81,987,26,1,2026-01-09
82,152,161,5,2026-07-07
83,910,7,1,2026-01-07
84,557,124,2,2026-01-11
85,880,180,5,2026-05-09
86,445,182,4,2025-11-26
87,469,172,4,2025-10-21
88,429,11,4,2026-01-14
89,943,56,3,2026-05-12
90,168,88,2,2025-11-15
91,576,176,3,2026-01-26
92,570,109,5,2026-04-14
93,947,76,1,2026-01-22
94,19,149,1,2026-07-08
95,512,138,1,2026-08-02
96,599,180,2,2026-07-14
97,688,63,1,2026-04-21
98,357,111,2,2026-05-20
99,896,136,3,2025-11-14
100,900,111,5,2026-06-18
101,348,23,2,2026-08-13
102,170,100,1,2026-05-12
103,635,45,4,2026-01-11
104,349,138,4,2026-05-18
105,939,102,5,2025-12-23
106,231,22,1,2026-02-25
107,494,151,4,2026-08-12
108,259,4,5,2025-09-25
109,464,97,4,2025-11-06
110,424,64,2,2025-10-27
111,854,43,1,2026-07-01
112,933,142,3,2025-11-27
113,189,184,2,2026-04-18
114,958,47,4,2026-05-06
115,106,174,4,2025-09-27
116,465,187,4,2026-07-13
117,417,11,4,2026-07-03
118,981,27,3,2026-07-08
119,665,94,4,2025-10-31
120,861,53,5,2025-11-16
121,513,4,3,2026-05-09
122,870,193,2,2026-04-24
123,225,15,3,2026-08-09
124,202,165,4,2025-12-03
125,601,24,5,2026-05-07
126,985,105,3,2025-10-07
127,225,100,3,2026-07-14
128,310,62,1,2026-06-20
129,21,188,4,2025-12-06
130,782,138,1,2026-08-01
131,160,135,5,2026-06-23
132,220,144,4,2026-05-20
133,509,117,4,2025-11-16
134,669,177,2,2026-07-10
135,61,112,3,2025-11-23
136,834,181,1,2026-07-23
137,263,10,5,2026-05-25
138,606,35,4,2026-01-16
139,134,6,1,2025-10-12
140,514,60,4,2026-03-02
141,876,157,1,2026-01-22
142,603,165,1,2026-04-24
143,109,150,2,2026-02-10
144,494,138,2,2026-08-23
145,252,110,3,2026-08-15
146,29,31,3,2026-01-27
147,614,168,1,2025-12-05
148,421,103,3,2025-10-15
149,685,38,5,2026-03-09
150,826,155,1,2025-10-29
151,583,193,1,2025-10-01
152,845,57,3,2025-10-31
153,106,189,4,2026-06-18
154,810,124,1,2025-10-21
155,346,53,5,2025-10-30
156,810,176,3,2025-12-17
157,104,169,1,2026-05-11
158,44,85,1,2025-11-01
159,927,39,5,2025-11-14
160,429,167,5,2025-10-31
161,995,90,1,2026-05-28
162,230,145,4,2025-09-14
163,651,6,3,2026-05-18
164,578,183,5,2025-09-14
165,148,170,1,2026-07-21
166,539,133,4,2025-12-09
167,799,191,1,2026-08-19
168,208,186,1,2026-05-18
169,569,41,2,2026-05-17
170,618,103,3,2025-09-11
171,999,78,2,2025-11-19
172,611,55,1,2026-02-25
173,597,194,2,2026-06-19
174,40,25,5,2026-06-13
175,717,196,2,2026-01-02
176,698,151,1,2026-03-06
177,306,192,2,2026-01-01
178,6,175,1,2026-04-10
179,997,45,3,2025-11-08
180,64,125,1,2025-09-18
181,898,176,5,2026-05-12
182,635,12,4,2026-02-17
183,931,19,2,2025-11-13
184,732,7,5,2025-12-09
185,807,7,1,2025-12-25
186,136,36,4,2025-09-04
187,462,1,3,2026-06-04
188,537,198,1,2025-12-10
189,128,25,3,2025-11-03
190,927,116,5,2026-03-02
191,11,94,5,2026-02-10
192,787,68,2,2026-01-06
193,724,176,2,2026-06-02
194,982,42,2,2025-11-12
195,855,11,4,2025-09-01
196,262,155,4,2025-12-23
197,757,11,1,2026-04-17
198,776,155,3,2026-04-10
199,836,5,4,2026-02-08
200,26,124,2,2025-09-28
201,570,121,3,2026-06-02
202,829,3,2,2026-02-07
203,387,53,1,2025-09-02
204,885,151,3,2025-10-11
205,407,76,1,2025-10-04
206,132,103,4,2026-01-13
207,548,78,2,2026-07-15
208,618,16,5,2025-12-08
209,752,187,3,2025-10-06
210,904,27,3,2026-08-09
211,981,30,4,2026-02-23
212,103,43,4,2026-05-31
213,739,50,2,2026-04-05
214,738,179,3,2026-01-23
215,698,140,2,2026-05-07
216,574,17,5,2025-10-03
217,354,190,2,2025-09-25
218,563,39,5,2025-09-17
219,976,109,2,2026-02-15
220,725,41,1,2026-03-18
221,969,37,1,2025-11-15
222,319,97,5,2025-10-15
223,910,83,1,2026-08-01
224,263,36,3,2026-05-01
225,218,102,4,2025-11-30
226,598,20,2,2025-10-05
227,739,36,3,2026-01-30
228,174,76,4,2026-02-28
229,110,193,2,2026-03-16
230,270,189,1,2025-12-18
231,699,61,4,2026-01-17
232,881,27,3,2026-05-14
233,719,92,2,2026-06-24
234,905,3,1,2026-06-15
235,959,167,5,2026-07-18
236,549,80,1,2025-12-28
237,809,133,4,2025-10-07
238,323,67,3,2026-05-13
239,566,126,5,2025-11-22
240,266,173,4,2026-07-09
241,74,11,2,2026-02-07
242,628,157,4,2026-03-12
243,799,195,1,2026-08-13
244,593,122,4,2026-05-20
245,652,129,5,2026-02-07
246,860,152,4,2025-12-20
247,816,21,5,2025-11-20
248,728,118,2,2026-07-22
249,38,180,5,2026-02-16
250,319,150,5,2026-08-06
251,940,124,2,2025-11-21
252,999,75,1,2026-04-17
253,218,97,2,2025-08-29
254,466,114,5,2025-12-31
255,908,114,2,2026-02-26
256,962,181,3,2026-04-10
257,863,167,2,2026-01-21
258,105,158,1,2026-07-28
259,154,28,5,2026-03-29
260,301,136,5,2025-09-30
261,101,72,4,2026-02-17
262,632,100,4,2025-10-12
263,66,54,1,2025-12-13
264,457,4,1,2026-08-10
265,47,67,4,2025-09-16
266,778,109,1,2025-09-21
267,305,184,2,2026-03-06
268,587,158,5,2026-03-17
269,195,15,2,2026-07-26
270,263,114,1,2026-01-09
271,717,178,3,2026-03-15
272,708,43,5,2026-03-10
273,909,148,4,2025-10-30
274,421,42,1,2026-04-24
275,482,145,1,2026-05-27
276,497,130,4,2025-09-27
277,795,91,1,2026-03-26
278,705,44,1,2026-01-04
279,928,186,4,2026-06-20
280,786,155,1,2026-08-15
281,324,83,1,2026-07-10
282,681,172,3,2026-07-23
283,783,90,1,2026-01-01
284,223,97,5,2026-02-20
285,57,29,4,2026-08-20
286,708,161,3,2025-09-01
287,247,13,2,2025-11-27
288,590,43,2,2025-09-08
289,578,32,4,2025-10-21
290,519,59,5,2026-01-26
291,866,124,2,2025-11-19
292,160,12,1,2026-08-06
293,485,109,4,2025-10-18
294,838,184,2,2025-11-06
295,404,172,4,2025-08-31
296,914,131,3,2026-08-19
297,685,128,2,2026-02-20
298,875,39,4,2026-07-29
299,643,176,2,2025-09-25
300,226,179,2,2026-08-08
301,56,19,5,2026-04-19
302,367,144,2,2026-05-02
303,894,110,4,2026-07-22
304,97,83,4,2026-03-03
305,355,68,4,2026-05-13
306,2,96,3,2026-05-05
307,418,113,5,2026-06-28
308,648,22,1,2026-06-06
309,547,68,4,2026-05-03
310,221,16,4,2025-09-08
311,669,146,3,2026-07-19
312,656,6,4,2026-07-08
313,271,192,1,2025-09-22
314,915,165,3,2025-12-11
315,972,17,1,2026-06-12
316,116,188,3,2025-11-12
317,53,143,2,2026-07-15
318,996,45,5,2025-09-01
319,983,121,2,2026-04-18
320,471,41,3,2026-02-05
321,705,71,4,2025-09-04
322,948,200,3,2026-05-04
323,126,138,5,2026-07-14
324,81,181,5,2026-05-12
325,263,157,3,2026-02-21
326,861,132,1,2025-12-03
327,504,164,4,2026-05-13
328,434,2,5,2025-12-06
329,434,119,5,2026-01-10
330,634,181,4,2026-06-20
331,89,136,2,2026-07-07
332,996,160,3,2025-12-23
333,379,147,4,2026-07-04
334,677,14,2,2026-03-05
335,982,31,4,2025-10-24
336,954,152,1,2026-07-11
337,222,183,3,2026-05-03
338,450,170,1,2026-06-11
339,635,139,4,2026-04-08
340,976,167,2,2025-12-07
341,518,15,1,2025-10-13
342,600,88,4,2026-01-31
343,519,108,4,2025-08-30
344,321,13,5,2026-01-04
345,460,74,3,2026-03-11
346,932,115,5,2026-06-07
347,543,39,5,2026-05-17
348,753,101,4,2026-08-10
349,427,151,3,2026-07-13
350,896,136,2,2025-09-18
351,239,57,4,2025-12-25
352,670,189,2,2026-05-01
353,624,17,3,2026-01-24
354,214,91,5,2026-07-04
355,856,91,3,2025-10-09
356,582,190,5,2025-09-05
357,144,70,3,2025-11-05
358,479,129,4,2025-12-24
359,64,7,2,2026-08-14
360,804,177,3,2026-04-13
361,953,90,3,2026-03-24
362,853,199,2,2026-08-14
363,477,182,3,2026-03-02
364,269,186,5,2025-09-12
365,83,141,1,2026-05-02
366,524,96,2,2026-03-09
367,923,121,4,2026-08-17
368,702,15,2,2026-01-31
369,869,120,5,2026-02-23
370,803,158,1,2026-06-14
371,619,85,1,2025-11-23
372,991,49,3,2025-10-13
373,53,186,5,2025-10-04
374,939,86,3,2025-09-06
375,140,64,5,2026-03-13
376,620,152,4,2025-11-16
377,637,182,5,2026-08-20
378,169,43,4,2025-10-01
379,406,42,2,2025-12-22
380,800,32,5,2025-10-29
381,667,49,4,2025-10-28
382,999,164,1,2026-01-31
383,98,157,2,2026-01-25
384,769,41,5,2026-02-17
385,176,109,5,2025-10-23
386,242,10,1,2026-02-10
387,551,56,3,2026-01-22
388,91,153,3,2026-05-01
389,75,18,2,2025-12-10
390,932,45,5,2025-10-22
391,394,181,1,2025-10-01
392,178,44,1,2025-11-12
393,437,153,3,2026-01-10
394,72,113,4,2025-10-19
395,906,84,2,2026-07-14
396,760,194,1,2026-04-07
397,408,76,1,2026-02-14
398,598,59,1,2026-03-17
399,800,192,4,2025-12-23
400,563,41,2,2025-12-10
401,147,1,5,2025-11-26
402,620,34,2,2025-11-18
403,54,82,3,2026-03-16
404,137,24,3,2026-01-16
405,260,194,3,2026-05-16
406,157,57,2,2026-06-09
407,705,118,5,2026-07-17
408,570,120,1,2026-06-01
409,512,97,2,2026-04-30
410,801,126,2,2026-07-21
411,489,73,1,2026-05-17
412,779,25,1,2025-12-06
413,713,109,4,2026-02-19
414,327,185,2,2025-12-03
415,89,147,1,2026-02-09
416,527,48,5,2026-05-23
417,93,140,5,2026-05-13
418,692,137,3,2025-09-27
419,827,31,5,2026-04-05
420,455,101,5,2025-12-18
421,301,193,2,2026-02-19
422,645,176,2,2026-02-18
423,842,77,1,2026-01-15
424,114,96,4,2026-01-01
425,736,190,5,2025-10-11
426,570,28,4,2026-01-21
427,331,138,5,2026-07-10
428,775,116,1,2025-12-24
429,607,58,4,2026-06-29
430,635,154,1,2026-06-21
431,269,90,4,2025-10-17
432,331,60,1,2026-06-09
433,49,53,4,2026-05-02
434,517,179,1,2025-10-07
435,756,119,5,2025-09-20
436,868,99,5,2026-05-11
437,985,11,3,2025-10-24
438,660,53,3,2026-01-13
439,295,87,3,2025-09-26
440,536,15,5,2026-04-14
441,506,78,2,2025-12-18
442,251,42,5,2026-04-12
443,20,59,3,2025-12-26
444,122,111,3,2025-11-24
445,713,59,1,2026-03-01
446,860,97,2,2026-07-13
447,753,62,3,2025-12-06
448,139,139,1,2026-08-02
449,699,4,5,2026-05-16
450,345,59,4,2026-02-27
451,336,161,1,2025-09-28
452,329,19,1,2026-02-19
453,337,197,4,2026-04-19
454,231,31,4,2025-12-31
455,807,175,4,2026-08-17
456,929,103,3,2026-05-02
457,616,118,4,2026-04-25
458,113,134,3,2026-04-20
459,929,199,5,2025-11-09
460,661,163,1,2026-01-08
461,982,33,4,2026-06-24
462,537,71,1,2026-01-23
463,535,133,4,2025-11-06
464,34,84,5,2026-05-15
465,984,195,5,2026-05-08
466,467,197,3,2025-10-08
467,756,81,5,2026-01-01
468,326,39,4,2025-10-01
469,404,55,1,2026-04-20
470,783,177,2,2025-11-09
471,283,185,5,2026-05-30
472,520,74,4,2026-05-05
473,389,73,3,2026-05-22
474,469,184,5,2025-09-27
475,558,164,3,2026-03-09
476,365,42,2,2026-04-17
477,785,122,1,2025-12-13
478,416,96,4,2026-03-19
479,180,79,4,2025-12-31
480,736,133,4,2025-11-21
481,450,3,2,2026-02-03
482,545,82,3,2025-11-08
483,409,157,2,2025-08-25
484,833,133,5,2026-05-02
485,701,75,3,2025-09-11
486,733,50,5,2026-07-31
487,946,147,4,2026-04-24
488,92,134,2,2025-10-28
489,641,103,3,2025-09-12
490,765,125,3,2025-09-21
491,931,16,5,2025-09-23
492,415,60,3,2025-09-10
493,658,92,3,2025-10-11
494,136,27,3,2026-01-06
495,118,156,2,2026-07-02
496,743,49,1,2026-06-30
497,973,153,3,2026-08-08
498,863,18,2,2026-04-10
499,229,168,1,2025-09-22
500,278,190,1,2025-10-25
501,723,156,2,2026-07-30
502,946,171,1,2026-04-08
503,538,42,5,2026-02-25
504,690,198,4,2026-04-28
505,124,197,2,2025-11-23
506,743,63,5,2026-02-01
507,699,25,5,2026-08-16
508,81,69,1,2026-03-22
509,357,176,5,2026-04-12
510,562,35,3,2026-06-02
511,675,15,1,2026-02-17
512,626,106,3,2026-03-15
513,856,111,5,2025-10-24
514,629,39,1,2025-09-27
515,368,188,1,2026-01-02
516,565,105,2,2026-07-08
517,838,182,5,2026-07-16
518,602,29,2,2026-01-10
519,717,72,5,2025-12-27
520,942,75,4,2025-11-23
521,690,32,3,2026-08-11
522,106,119,1,2025-12-04
523,575,54,2,2026-07-30
524,777,98,5,2026-02-06
525,253,110,1,2025-08-31
526,314,48,2,2026-06-19
527,98,159,3,2025-11-29
528,57,148,5,2026-01-27
529,216,176,1,2026-06-26
530,799,168,1,2026-04-28
531,981,172,1,2025-10-21
532,540,34,5,2026-06-01
533,488,14,5,2025-12-19
534,207,107,5,2025-12-11
535,156,181,5,2025-11-06
536,915,5,2,2026-03-15
537,143,138,5,2025-12-11
538,596,162,1,2026-08-16
539,972,185,3,2026-01-10
540,583,45,2,2025-12-18
541,692,96,5,2025-09-08
542,582,15,2,2026-05-30
543,984,57,4,2025-08-23
544,31,123,4,2025-10-06
545,538,29,1,2025-11-09
546,272,24,3,2025-11-16
547,353,200,4,2025-09-29
548,979,49,5,2026-04-18
549,407,66,3,2026-04-22
550,643,100,4,2026-02-07
551,472,97,5,2025-09-22
552,853,41,4,2026-07-11
553,432,12,3,2025-09-28
554,252,161,2,2026-01-07
555,848,129,2,2026-06-04
556,606,101,4,2026-08-09
557,757,189,2,2025-08-30
558,885,197,5,2025-09-30
559,360,160,4,2026-02-05
560,106,190,3,2026-04-05
561,419,192,1,2026-02-15
562,765,106,5,2025-09-27
563,468,163,2,2026-02-21
564,993,109,5,2026-06-24
565,637,23,3,2026-02-04
566,216,23,3,2026-02-27
567,96,193,2,2026-04-20
568,135,32,5,2025-10-23
569,698,43,1,2026-07-02
570,258,151,1,2026-01-21
571,169,176,5,2026-04-29
572,692,134,5,2026-05-22
573,319,163,4,2025-10-31
574,37,152,2,2026-04-16
575,243,137,2,2026-07-17
576,709,72,5,2026-01-01
577,773,187,4,2026-06-03
578,283,95,2,2026-02-13
579,158,2,2,2026-03-03
580,283,37,2,2026-01-10
581,570,159,3,2026-01-07
582,868,189,4,2025-09-02
583,908,104,3,2026-02-24
584,121,162,1,2026-03-26
585,694,161,1,2026-02-20
586,132,50,4,2026-06-10
587,470,146,1,2026-01-01
588,116,41,1,2026-02-27
589,656,135,1,2026-04-20
590,791,47,4,2026-05-30
591,384,157,4,2026-08-16
592,333,116,3,2025-12-05
593,559,116,3,2026-06-18
594,402,36,5,2025-12-14
595,746,5,4,2025-10-14
596,895,55,3,2025-10-01
597,43,92,3,2026-04-29
598,282,66,5,2025-12-08
599,763,93,4,2025-12-06
600,84,102,5,2026-05-22
601,894,2,3,2026-01-20
602,402,150,3,2026-05-16
603,796,91,5,2026-08-08
604,931,164,3,2026-06-24
605,511,108,2,2025-12-28
606,878,25,2,2025-12-12
607,93,94,2,2026-05-01
608,578,174,5,2025-11-15
609,415,118,4,2025-11-17
610,573,194,5,2025-10-18
611,179,183,5,2025-10-31
612,565,94,2,2025-12-03
613,406,31,1,2025-12-16
614,294,19,3,2025-11-27
615,371,129,5,2026-04-30
616,307,14,2,2025-10-25
617,571,32,1,2025-09-21
618,128,147,4,2026-06-03
619,471,200,2,2026-02-07
620,741,30,3,2025-09-04
621,89,136,3,2026-02-03
622,881,50,2,2026-01-20
623,792,29,1,2025-08-27
624,709,111,3,2025-09-25
625,420,78,4,2026-01-02
626,422,137,5,2026-03-27
627,822,46,2,2026-05-18
628,679,10,2,2026-08-06
629,964,81,1,2026-01-08
630,145,159,1,2025-11-23
631,455,16,2,2026-03-25
632,263,69,1,2026-07-07
633,350,131,2,2026-04-30
634,926,120,5,2026-02-20
635,175,135,5,2026-05-25
636,683,10,1,2026-03-22
637,455,119,3,2025-09-11
638,585,143,3,2026-03-15
639,408,121,1,2026-07-09
640,260,160,1,2026-03-17
641,306,165,2,2025-10-03
642,328,153,5,2025-12-13
643,734,69,4,2026-04-12
644,429,184,4,2025-09-25
645,120,45,4,2026-02-05
646,138,17,2,2026-02-13
647,555,140,1,2026-03-24
648,430,35,1,2025-09-05
649,55,123,5,2026-05-10
650,40,133,3,2026-05-31
651,961,24,4,2025-08-27
652,707,37,2,2025-11-10
653,752,172,5,2026-06-05
654,731,108,2,2026-06-09
655,293,178,2,2026-07-14
656,875,76,3,2026-08-08
657,235,104,1,2026-08-19
658,323,186,1,2026-07-13
659,749,10,4,2026-02-24
660,367,47,3,2026-08-04
661,487,42,5,2026-08-03
662,639,20,2,2025-11-26
663,11,193,4,2026-08-02
664,963,68,4,2026-03-17
665,96,191,4,2025-11-30
666,845,119,2,2025-08-25
667,457,80,1,2025-09-04
668,359,80,5,2025-11-18
669,441,36,1,2026-06-22
670,799,40,1,2026-03-10
671,778,114,4,2026-04-14
672,204,107,5,2025-10-19
673,594,60,2,2025-08-29
674,742,8,5,2026-03-27
675,276,97,5,2026-01-21
676,850,2,4,2026-07-22
677,124,7,5,2025-11-28
678,819,192,2,2026-01-18
679,773,86,1,2025-10-16
680,380,70,1,2026-07-13
681,683,34,3,2026-04-11
682,735,199,5,2025-12-27
683,203,121,4,2025-08-27
684,12,152,4,2025-09-14
685,881,138,3,2025-11-07
686,921,198,5,2026-04-17
687,913,50,3,2026-06-15
688,702,169,1,2026-01-30
689,17,191,2,2026-05-20
690,805,66,4,2026-01-25
691,731,6,1,2026-01-27
692,197,120,2,2026-03-03
693,927,28,3,2025-10-13
694,776,32,2,2025-09-16
695,566,107,5,2025-08-27
696,109,67,4,2025-10-31
697,724,128,1,2025-08-27
698,930,115,5,2026-06-25
699,215,193,2,2026-05-17
700,331,170,2,2026-04-29
701,821,168,4,2025-12-24
702,11,120,1,2025-10-04
703,928,43,1,2026-01-11
704,397,186,4,2026-04-06
705,45,118,2,2026-08-04
706,506,17,5,2026-03-08
707,805,70,1,2026-01-12
708,916,122,2,2026-05-23
709,828,18,2,2025-08-25
710,59,63,1,2026-03-19
711,938,4,4,2026-03-05
712,844,160,5,2026-01-07
713,610,168,5,2025-09-23
714,616,17,1,2025-10-01
715,247,54,3,2026-01-07
716,636,184,3,2026-04-27
717,806,91,4,2026-01-11
718,105,154,5,2025-09-28
719,687,165,1,2026-03-12
720,57,78,2,2026-03-12
721,443,168,5,2025-12-14
722,73,191,3,2026-06-08
723,562,183,5,2026-05-04
724,355,110,1,2025-09-04
725,75,91,3,2025-11-25
726,798,108,1,2026-02-05
727,633,32,1,2025-11-13
728,76,16,3,2026-02-10
729,570,140,4,2026-01-08
730,946,122,1,2025-10-26
731,626,139,1,2025-09-24
732,136,84,2,2026-01-28
733,712,181,4,2026-08-09
734,12,45,5,2026-07-21
735,357,107,5,2026-04-11
736,331,164,2,2026-02-09
737,601,136,4,2025-09-29
738,492,84,1,2026-01-20
739,990,20,5,2026-04-28
740,762,161,2,2026-06-06
741,424,108,2,2025-09-18
742,605,26,2,2025-09-01
743,531,167,1,2026-02-28
744,244,135,3,2026-04-25
745,335,116,1,2026-03-08
746,818,38,4,2026-01-28
747,681,144,3,2026-08-02
748,829,24,2,2025-11-03
749,30,196,5,2025-11-06
750,645,99,2,2026-03-01
751,948,182,4,2025-10-15
752,934,112,4,2025-09-09
753,454,100,3,2026-06-05
754,497,104,1,2026-05-13
755,696,167,1,2026-04-06
756,823,76,2,2025-11-12
757,25,18,1,2026-07-04
758,185,88,1,2025-09-02
759,558,143,5,2026-08-17
760,4,35,1,2025-12-06
761,57,143,4,2025-09-06
762,330,135,4,2025-12-11
763,265,18,2,2025-10-01
764,573,37,5,2025-11-02
765,160,41,5,2025-09-11
766,219,183,3,2026-02-11
767,812,167,4,2025-11-18
768,250,159,3,2026-06-30
769,501,155,5,2025-11-18
770,860,99,1,2026-04-11
771,16,125,2,2025-10-02
772,457,89,4,2026-08-12
773,775,165,1,2026-04-10
774,622,179,5,2025-12-10
775,709,116,1,2026-06-17
776,920,99,5,2026-04-06
777,249,98,4,2026-05-19
778,981,109,2,2026-08-04
779,160,102,1,2025-11-23
780,297,192,4,2025-10-11
781,670,168,1,2026-06-18
782,969,19,1,2026-04-06
783,381,149,2,2026-07-16
784,547,155,2,2026-06-27
785,83,6,4,2026-04-19
786,181,142,4,2026-06-03
787,260,23,4,2026-07-25
788,647,125,1,2025-10-29
789,931,149,2,2026-01-02
790,210,192,3,2026-03-17
791,306,61,3,2025-08-26
792,155,129,2,2026-04-16
793,940,152,2,2026-08-06
794,901,194,5,2025-09-07
795,984,158,3,2025-09-08
796,522,191,5,2026-06-25
797,262,89,2,2025-09-16
798,289,65,4,2026-02-24
799,720,103,1,2025-12-03
800,304,127,3,2026-05-24
801,901,158,1,2026-01-13
802,954,151,3,2025-10-13
803,459,39,1,2026-04-16
804,167,173,2,2025-09-28
805,701,166,2,2026-06-10
806,366,172,1,2025-10-04
807,664,16,3,2026-01-05
808,476,72,3,2026-05-18
809,121,60,3,2026-05-07
810,762,130,2,2025-10-23
811,986,165,1,2026-07-30
812,678,31,5,2025-11-16
813,254,95,5,2026-04-18
814,130,11,3,2025-11-28
815,19,142,3,2026-08-07
816,276,40,5,2026-01-06
817,750,106,1,2026-04-19
818,888,138,2,2026-07-14
819,303,4,4,2026-06-23
820,535,34,2,2026-03-15
821,261,140,1,2026-08-05
822,571,22,4,2026-05-09
823,227,168,4,2026-01-31
824,398,122,1,2025-09-01
825,745,21,5,2025-12-12
826,258,114,1,2026-07-23
827,975,43,5,2025-10-11
828,482,139,4,2026-06-20
829,639,21,4,2025-10-25
830,841,104,1,2026-02-17
831,588,197,5,2025-09-28
832,92,38,2,2026-02-15
833,272,119,4,2026-02-16
834,757,116,1,2025-09-10
835,665,57,3,2026-03-13
836,243,69,3,2025-11-07
837,113,190,4,2026-01-28
838,36,39,3,2025-09-09
839,914,78,1,2026-02-21
840,349,130,5,2025-11-22
841,614,186,4,2025-10-18
842,9,164,5,2026-06-05
843,191,122,2,2026-07-15
844,781,181,5,2025-08-30
845,854,118,2,2026-08-11
846,901,134,4,2025-12-22
847,47,84,1,2026-07-16
848,223,51,3,2026-07-23
849,447,101,2,2025-11-24
850,701,44,5,2026-08-01
851,788,38,1,2026-08-18
852,866,181,4,2026-02-10
853,53,68,1,2025-09-28
854,960,64,1,2026-03-28
855,960,20,2,2026-07-31
856,636,170,4,2026-04-13
857,537,158,1,2026-02-28
858,139,61,2,2025-08-29
859,964,103,1,2025-12-01
860,935,162,4,2026-01-06
861,632,10,2,2026-05-02
862,705,82,2,2026-03-13
863,213,73,4,2025-10-04
864,431,88,1,2025-09-23
865,67,86,4,2025-09-30
866,130,29,2,2025-09-17
867,119,143,1,2025-09-28
868,844,139,2,2025-10-22
869,158,59,1,2026-08-18
870,911,111,5,2026-07-04
871,587,119,3,2026-01-31
872,319,159,4,2026-01-13
873,486,60,1,2026-01-09
874,747,171,4,2026-03-16
875,891,194,1,2026-08-10
876,494,150,1,2026-01-12
877,120,187,5,2026-05-21
878,567,16,1,2025-12-15
879,338,164,2,2025-11-06
880,892,173,5,2025-11-24
881,729,43,1,2026-06-09
882,437,141,3,2026-01-25
883,314,89,2,2025-09-21
884,533,85,3,2026-07-12
885,711,171,1,2026-07-01
886,533,92,5,2026-07-29
887,651,60,3,2026-06-29
888,156,167,2,2025-11-15
889,911,159,2,2026-05-29
890,849,92,3,2026-06-06
891,46,168,1,2026-02-23
892,924,29,2,2025-11-09
893,268,25,3,2026-04-20
894,997,9,1,2026-01-30
895,672,107,1,2026-07-21
896,45,100,4,2026-05-26
897,399,48,5,2025-12-21
898,591,177,2,2026-01-27
899,538,28,2,2025-10-30
900,455,24,3,2026-08-04
901,946,46,2,2026-04-18
902,363,91,4,2025-11-25
903,996,107,4,2025-11-08
904,152,105,2,2026-04-02
905,595,91,5,2026-08-11
906,114,194,1,2026-01-21
907,749,200,1,2026-05-17
908,953,198,3,2025-10-01
909,101,108,3,2026-01-07
910,731,19,5,2025-11-21
911,291,104,4,2026-05-25
912,883,10,1,2026-02-19
913,901,199,1,2026-03-08
914,189,49,2,2025-10-30
915,158,138,4,2026-04-24
916,232,154,3,2026-03-19
917,710,132,5,2026-01-15
918,988,166,5,2026-02-04
919,528,74,2,2026-02-20
920,417,42,4,2025-12-17
921,447,19,3,2026-06-22
922,596,170,2,2025-12-03
923,429,31,1,2026-07-16
924,820,128,5,2025-12-14
925,586,49,5,2025-10-22
926,865,140,3,2025-11-30
927,9,60,2,2025-10-01
928,809,177,4,2026-01-26
929,987,16,3,2026-03-01
930,311,32,5,2026-02-05
931,510,143,4,2025-12-07
932,30,6,1,2026-03-06
933,310,119,3,2026-08-23
934,182,172,4,2026-01-06
935,396,187,5,2026-01-31
936,788,147,2,2026-07-03
937,534,156,2,2026-07-12
938,353,78,1,2026-01-03
939,502,196,5,2025-12-12
940,678,37,5,2026-06-22
941,746,22,4,2026-03-21
942,561,69,2,2025-09-18
943,253,185,1,2025-11-21
944,410,119,4,2025-09-11
945,896,7,3,2025-11-25
946,321,94,2,2026-01-06
947,452,171,2,2025-11-05
948,69,45,3,2026-02-28
949,276,175,5,2026-02-08
950,903,191,3,2026-07-19
951,910,17,3,2025-12-28
952,88,138,4,2026-01-25
953,112,28,3,2025-10-27
954,171,41,4,2025-10-14
955,455,57,1,2025-11-08
956,366,12,4,2026-08-09
957,12,105,4,2025-12-16
958,115,51,5,2025-09-23
959,101,89,2,2026-03-18
960,750,80,4,2025-09-09
961,955,124,3,2026-01-15
962,241,45,2,2026-04-12
963,483,50,3,2026-01-04
964,57,170,2,2026-02-09
965,566,86,5,2025-08-27
966,418,172,1,2025-10-14
967,76,68,1,2025-10-22
968,600,105,1,2026-06-04
969,140,66,3,2026-05-10
970,970,108,2,2026-01-23
971,175,116,5,2026-03-22
972,392,4,2,2025-11-05
973,555,109,4,2026-06-19
974,21,131,5,2026-04-08
975,114,79,3,2026-04-25
976,879,77,3,2026-06-05
977,703,159,3,2026-01-11
978,122,69,2,2026-02-11
979,486,134,3,2026-07-07
980,759,99,1,2025-09-12
981,951,103,4,2025-11-04
982,810,78,5,2026-06-29
983,697,3,4,2026-01-08
984,832,95,2,2026-05-23
985,994,95,1,2025-10-17
986,118,161,4,2026-04-18
987,587,59,1,2026-06-08
988,27,19,4,2026-02-28
989,198,191,1,2026-01-08
990,226,42,2,2026-07-08
991,781,77,4,2026-06-02
992,128,155,5,2026-07-10
993,203,181,2,2026-04-04
994,750,112,1,2026-04-15
995,624,41,3,2025-11-15
996,871,179,3,2026-01-21
997,255,155,1,2026-06-08
998,375,179,1,2026-04-27
999,413,70,3,2025-10-07
1000,974,93,1,2025-10-19
1001,305,5,4,2025-11-01
1002,353,137,1,2026-01-14
1003,361,4,5,2026-02-10
1004,144,91,2,2026-05-19
1005,25,119,3,2026-08-22
1006,868,138,5,2026-05-17
1007,103,104,3,2025-11-29
1008,788,40,4,2025-08-26
1009,156,108,5,2026-05-17
1010,285,76,5,2026-02-14
1011,508,132,4,2025-09-30
1012,891,117,4,2026-05-14
1013,918,19,4,2026-01-10
1014,158,113,5,2026-02-24
1015,852,80,5,2025-08-26
1016,932,16,4,2026-06-13
1017,411,145,4,2026-02-26
1018,250,138,1,2025-11-14
1019,261,142,2,2026-01-03
1020,858,97,4,2026-01-07
1021,785,33,1,2026-02-15
1022,115,12,3,2026-04-26
1023,668,168,5,2026-06-06
1024,343,139,5,2026-06-25
1025,818,3,5,2026-06-15
1026,580,16,5,2026-07-07
1027,91,90,2,2026-01-16
1028,196,180,5,2025-10-28
1029,862,158,4,2025-11-15
1030,519,115,1,2026-07-11
1031,234,179,2,2025-12-26
1032,145,86,2,2026-07-28
1033,652,154,4,2026-06-05
1034,242,59,3,2026-06-04
1035,331,27,2,2025-12-30
1036,866,160,3,2026-07-18
1037,238,151,1,2026-06-11
1038,934,188,2,2025-10-05
1039,885,58,5,2026-06-29
1040,743,107,1,2025-10-31
1041,852,43,2,2026-01-10
1042,26,88,3,2025-11-06
1043,630,73,5,2025-12-16
1044,475,113,1,2026-05-27
1045,376,124,1,2026-02-09
1046,776,134,2,2026-01-27
1047,908,192,4,2026-08-08
1048,975,34,2,2025-08-31
1049,520,50,5,2025-12-17
1050,669,180,4,2026-04-28
1051,461,54,5,2025-08-31
1052,474,22,5,2025-09-28
1053,254,165,4,2026-04-13
1054,165,185,4,2026-04-15
1055,777,31,4,2026-01-03
1056,763,23,5,2025-11-14
1057,723,71,2,2025-12-18
1058,618,12,4,2026-03-31
1059,119,184,2,2025-11-26
1060,617,177,1,2026-06-18
1061,674,193,3,2026-02-27
1062,4,86,4,2025-11-20
1063,226,191,3,2026-05-22
1064,75,74,5,2026-04-03
1065,370,171,3,2026-03-16
1066,148,142,1,2026-04-29
1067,573,179,5,2026-06-12
1068,779,65,4,2026-01-28
1069,528,93,3,2026-06-20
1070,244,188,5,2025-09-10
1071,713,44,2,2026-04-10
1072,508,137,5,2025-11-03
1073,991,74,1,2026-02-05
1074,892,50,5,2026-03-16
1075,236,190,1,2026-05-10
1076,64,158,3,2026-03-31
1077,734,14,2,2025-09-05
1078,998,120,1,2026-05-01
1079,367,112,2,2026-02-14
1080,265,137,2,2026-03-15
1081,930,92,2,2025-09-28
1082,96,194,3,2026-05-02
1083,474,48,1,2026-03-10
1084,222,81,4,2025-12-22
1085,427,71,3,2026-06-07
1086,933,155,1,2026-05-26
1087,341,20,3,2026-01-21
1088,514,109,1,2025-11-04
1089,358,151,4,2026-06-22
1090,881,100,1,2025-11-11
1091,589,140,3,2025-11-23
1092,398,159,3,2025-09-01
1093,44,64,4,2025-10-04
1094,588,79,2,2026-02-02
1095,377,124,3,2025-11-12
1096,55,178,4,2025-11-10
1097,448,58,1,2025-08-23
1098,342,147,1,2026-07-06
1099,413,4,1,2025-11-21
1100,15,195,2,2026-05-20
1101,926,102,1,2025-12-18
1102,942,112,4,2025-10-19
1103,883,168,1,2026-07-23
1104,259,140,5,2026-03-15
1105,977,89,2,2026-03-28
1106,225,90,1,2025-12-03
1107,823,77,5,2026-02-24
1108,520,169,3,2025-11-23
1109,658,162,1,2026-04-06
1110,466,5,5,2026-05-30
1111,499,176,3,2025-10-12
1112,720,151,5,2025-11-30
1113,511,162,4,2025-11-17
1114,810,34,3,2025-09-26
1115,703,85,2,2025-08-23
1116,171,4,1,2026-06-10
1117,755,40,5,2025-11-08
1118,69,102,2,2026-07-18
1119,506,137,3,2026-03-09
1120,742,11,4,2026-08-22
1121,384,197,1,2026-02-13
1122,813,44,2,2025-12-27
1123,866,114,1,2026-04-22
1124,904,186,2,2025-12-22
1125,522,198,1,2025-09-09
1126,808,40,3,2025-12-21
1127,60,185,5,2026-01-21
1128,835,171,3,2025-09-19
1129,137,52,5,2025-10-30
1130,925,193,2,2026-03-25
1131,835,198,4,2025-09-02
1132,485,152,4,2025-12-28
1133,726,65,5,2026-02-03
1134,336,70,5,2025-12-22
1135,293,13,1,2026-03-18
1136,275,178,5,2025-12-21
1137,321,64,4,2026-02-06
1138,45,155,1,2025-10-07
1139,740,168,4,2025-08-23
1140,594,174,1,2025-12-22
1141,782,96,5,2026-08-17
1142,577,172,1,2025-08-31
1143,50,140,4,2026-04-21
1144,234,162,4,2025-10-18
1145,881,40,4,2025-10-11
1146,232,109,4,2026-07-08
1147,797,46,1,2025-11-05
1148,902,100,4,2025-09-11
1149,83,196,3,2025-09-04
1150,158,77,2,2026-06-10
1151,631,95,3,2026-04-28
1152,61,26,2,2025-12-07
1153,76,196,1,2026-07-31
1154,918,86,1,2026-06-21
1155,96,139,1,2026-08-20
1156,343,85,5,2026-02-03
1157,969,6,3,2026-06-04
1158,7,109,1,2026-02-07
1159,895,68,4,2026-03-30
1160,346,84,5,2026-02-24
1161,49,61,3,2026-04-04
1162,562,106,4,2026-01-07
1163,986,166,5,2026-01-21
1164,639,78,1,2026-03-16
1165,748,66,3,2025-11-14
1166,465,140,4,2026-01-15
1167,858,63,4,2025-08-29
1168,3,87,5,2025-10-22
1169,654,18,2,2026-02-25
1170,664,84,1,2025-11-12
1171,724,48,1,2025-09-21
1172,420,46,2,2025-09-18
1173,582,23,5,2025-10-04
1174,689,33,4,2025-08-27
1175,646,1,4,2025-12-16
1176,462,179,1,2026-04-28
1177,45,145,5,2026-08-06
1178,248,125,4,2026-06-15
1179,81,55,1,2026-08-18
1180,746,102,4,2025-09-04
1181,442,20,4,2026-03-13
1182,111,81,3,2026-01-11
1183,574,46,3,2026-05-29
1184,457,16,3,2026-04-25
1185,985,28,3,2025-12-19
1186,186,62,5,2026-02-25
1187,471,55,4,2026-05-19
1188,318,60,2,2026-08-06
1189,455,124,1,2025-10-05
1190,913,152,1,2026-08-13
1191,590,3,1,2025-10-06
1192,904,154,4,2025-12-09
1193,526,96,4,2025-09-23
1194,866,141,3,2026-03-28
1195,501,182,3,2026-01-29
1196,508,28,5,2026-08-13
1197,139,47,5,2026-05-07
1198,353,59,5,2026-05-10
1199,233,140,5,2026-01-05
1200,555,110,2,2025-10-30
1201,594,174,5,2026-05-09
1202,290,11,3,2026-06-11
1203,729,121,1,2026-03-11
1204,817,193,3,2026-02-18
1205,138,199,3,2026-01-29
1206,840,155,3,2025-12-22
1207,118,197,3,2026-08-11
1208,799,24,2,2026-08-19
1209,615,173,5,2026-06-06
1210,113,50,5,2026-04-26
1211,417,179,1,2025-11-22
1212,315,117,4,2026-05-09
1213,952,152,4,2026-06-25
1214,271,188,2,2025-12-06
1215,539,40,2,2026-05-01
1216,410,108,1,2026-04-02
1217,683,83,1,2025-11-17
1218,694,24,1,2026-04-08
1219,724,99,5,2026-01-19
1220,327,94,5,2025-09-18
1221,983,131,5,2026-01-28
1222,708,149,2,2026-07-23
1223,501,52,4,2025-11-28
1224,885,135,5,2026-01-16
1225,825,126,3,2025-12-22
1226,914,23,3,2026-03-19
1227,956,55,2,2026-04-18
1228,581,155,4,2025-11-20
1229,457,42,1,2025-08-28
1230,575,98,3,2025-09-07
1231,134,1,2,2026-01-04
1232,263,181,4,2025-09-02
1233,466,122,3,2025-09-25
1234,625,189,1,2026-07-27
1235,7,22,4,2026-04-12
1236,789,1,1,2026-01-09
1237,817,89,1,2026-01-27
1238,761,27,3,2026-02-13
1239,300,182,1,2025-10-14
1240,163,134,1,2025-11-05
1241,385,159,5,2026-07-03
1242,669,148,1,2026-02-18
1243,825,57,4,2026-08-19
1244,978,105,2,2026-03-16
1245,321,78,5,2025-11-03
1246,600,33,3,2026-01-30
1247,849,72,1,2026-03-21
1248,964,192,5,2026-03-03
1249,112,7,3,2026-01-05
1250,859,28,5,2026-01-29
1251,336,95,4,2026-08-17
1252,749,1,4,2025-11-12
1253,292,189,3,2025-10-03
1254,616,167,4,2026-02-26
1255,945,115,4,2026-01-30
1256,394,184,1,2026-08-09
1257,8,14,2,2025-12-11
1258,492,116,3,2025-10-24
1259,825,145,3,2025-12-16
1260,905,166,1,2026-07-26
1261,80,132,5,2026-04-09
1262,511,197,1,2026-05-11
1263,444,126,3,2026-06-17
1264,632,51,3,2025-12-27
1265,9,78,5,2026-04-08
1266,502,80,2,2025-10-17
1267,111,184,2,2026-08-10
1268,83,160,3,2025-11-18
1269,541,88,4,2026-04-23
1270,553,15,1,2026-06-30
1271,884,161,5,2026-01-06
1272,76,162,3,2026-05-26
1273,21,112,5,2026-07-06
1274,730,144,3,2026-04-28
1275,538,176,3,2025-11-16
1276,77,144,3,2026-07-12
1277,393,176,1,2025-11-16
1278,551,104,1,2025-10-26
1279,545,96,3,2025-12-09
1280,706,20,1,2026-04-18
1281,841,136,2,2026-04-28
1282,809,24,5,2025-12-25
1283,522,143,2,2026-08-16
1284,439,12,2,2026-01-31
1285,69,186,1,2025-11-29
1286,545,63,3,2025-10-19
1287,759,117,1,2025-11-05
1288,434,183,4,2026-04-08
1289,671,142,3,2026-01-14
1290,334,38,5,2026-02-02
1291,91,170,2,2026-04-24
1292,782,182,2,2025-11-16
1293,266,131,2,2025-10-19
1294,963,64,4,2026-04-30
1295,971,135,1,2025-12-12
1296,83,52,5,2025-08-28
1297,135,6,2,2026-08-01
1298,680,75,3,2026-06-24
1299,101,56,1,2026-06-11
1300,314,186,5,2026-02-14
1301,922,124,4,2026-04-03
1302,986,84,4,2025-09-09
1303,18,76,3,2026-04-16
1304,706,188,5,2025-12-26
1305,104,114,5,2025-11-17
1306,386,35,4,2025-08-31
1307,880,187,5,2026-04-10
1308,759,102,3,2026-01-03
1309,727,169,1,2025-10-13
1310,54,132,2,2025-11-29
1311,128,5,3,2025-10-24
1312,665,118,1,2026-05-26
1313,133,73,3,2025-09-15
1314,667,120,1,2026-06-15
1315,675,14,4,2026-06-12
1316,899,155,1,2026-07-28
1317,597,20,1,2025-12-01
1318,800,92,3,2026-02-16
1319,582,156,4,2025-09-06
1320,621,149,4,2025-10-28
1321,269,5,4,2026-03-21
1322,474,127,3,2026-08-23
1323,680,129,5,2026-06-15
1324,340,167,4,2026-01-15
1325,968,109,4,2025-10-20
1326,68,141,2,2025-09-01
1327,655,5,3,2026-06-17
1328,657,7,2,2025-10-16
1329,839,28,5,2026-02-25
1330,269,4,3,2025-11-02
1331,366,16,2,2025-10-24
1332,571,41,4,2025-11-19
1333,996,87,4,2025-11-02
1334,992,150,3,2025-11-27
1335,522,19,4,2025-12-06
1336,385,180,3,2026-05-03
1337,678,49,2,2025-10-29
1338,723,161,3,2026-06-10
1339,896,165,1,2026-03-31
1340,19,108,5,2025-12-04
1341,920,69,5,2026-05-20
1342,782,81,1,2026-07-01
1343,218,64,4,2026-03-10
1344,919,78,5,2025-12-02
1345,501,191,5,2025-10-06
1346,88,28,5,2026-01-12
1347,296,65,1,2025-11-01
1348,441,65,3,2026-03-27
1349,698,115,1,2025-09-24
1350,239,31,5,2025-11-22
1351,585,151,4,2025-10-01
1352,610,103,2,2025-12-27
1353,237,52,2,2026-02-17
1354,568,192,2,2026-07-27
1355,54,156,5,2026-08-08
1356,233,39,5,2026-04-28
1357,446,68,2,2026-05-30
1358,211,124,3,2026-02-21
1359,963,57,5,2026-07-04
1360,102,171,2,2026-01-23
1361,511,8,5,2026-08-03
1362,498,157,5,2025-11-15
1363,182,195,3,2026-08-15
1364,184,123,2,2026-07-07
1365,63,77,2,2026-04-14
1366,721,118,5,2026-02-11
1367,738,93,4,2026-01-04
1368,515,195,4,2025-09-06
1369,839,139,2,2026-07-15
1370,622,160,4,2026-08-04
1371,646,93,4,2026-03-01
1372,275,7,2,2025-12-19
1373,607,190,3,2025-08-31
1374,894,138,1,2026-04-21
1375,384,79,5,2026-06-11
1376,912,3,4,2026-06-07
1377,183,14,3,2026-08-10
1378,10,49,4,2026-05-12
1379,997,74,1,2025-10-26
1380,216,35,2,2026-06-10
1381,273,195,5,2026-08-07
1382,884,92,4,2026-05-23
1383,245,127,2,2025-09-24
1384,660,40,3,2026-03-03
1385,679,123,5,2025-12-28
1386,800,151,2,2026-01-10
1387,462,76,4,2026-08-17
1388,996,15,3,2025-12-04
1389,87,187,2,2026-07-25
1390,135,91,1,2026-04-14
1391,673,38,1,2026-02-20
1392,606,9,4,2025-11-24
1393,127,53,5,2026-01-06
1394,522,164,1,2026-03-13
1395,546,12,3,2026-04-21
1396,66,156,5,2025-09-27
1397,432,198,4,2026-02-03
1398,617,182,5,2026-03-14
1399,331,31,3,2026-01-27
1400,458,95,3,2026-05-14
1401,547,133,3,2025-09-13
1402,957,28,3,2026-03-15
1403,344,192,4,2026-04-13
1404,260,75,1,2025-10-11
1405,670,137,1,2026-03-08
1406,476,163,4,2026-04-05
1407,307,147,3,2026-08-01
1408,295,75,5,2025-10-08
1409,61,197,2,2026-07-16
1410,989,153,5,2025-12-21
1411,994,196,4,2026-02-18
1412,434,16,5,2025-11-11
1413,467,132,4,2026-01-17
1414,664,55,4,2026-06-04
1415,826,142,3,2025-10-12
1416,489,169,5,2025-09-13
1417,750,9,3,2026-05-01
1418,46,109,2,2026-07-25
1419,853,29,1,2026-06-06
1420,122,125,5,2026-04-03
1421,733,187,3,2025-11-18
1422,510,70,1,2025-12-07
1423,31,120,3,2025-09-08
1424,684,70,3,2025-08-29
1425,11,198,4,2026-04-21
1426,452,2,5,2026-01-30
1427,629,11,1,2026-03-30
1428,990,171,1,2026-03-28
1429,134,172,4,2026-02-09
1430,130,88,4,2026-06-03
1431,698,138,1,2025-09-09
1432,550,20,4,2026-04-05
1433,81,70,4,2026-06-30
1434,949,54,4,2026-08-01
1435,204,61,5,2026-05-21
1436,342,70,2,2026-02-11
1437,894,29,1,2026-01-03
1438,102,2,2,2026-02-18
1439,471,128,5,2025-11-02
1440,97,113,2,2025-12-20
1441,388,160,4,2026-05-08
1442,684,11,5,2025-09-08
1443,305,186,1,2026-04-13
1444,852,63,3,2026-04-23
1445,501,7,2,2026-02-08
1446,706,53,3,2025-09-28
1447,352,19,1,2026-07-13
1448,80,143,3,2026-08-23
1449,856,11,2,2026-08-17
1450,944,65,3,2025-12-26
1451,997,72,3,2025-11-11
1452,198,68,5,2026-04-29
1453,287,146,5,2025-12-18
1454,270,167,3,2025-09-06
1455,482,9,1,2026-02-06
1456,572,95,5,2026-08-20
1457,219,21,1,2026-06-01
1458,22,38,1,2025-12-09
1459,184,181,2,2026-02-16
1460,938,70,1,2026-06-04
1461,539,131,5,2026-08-04
1462,394,102,5,2025-11-18
1463,243,194,5,2025-09-23
1464,932,171,4,2026-01-02
1465,547,172,1,2026-06-28
1466,890,132,3,2026-07-17
1467,303,85,3,2026-07-28
1468,751,30,4,2025-09-23
1469,642,191,2,2026-05-03
1470,247,20,3,2025-10-22
1471,173,17,4,2025-10-08
1472,402,184,1,2026-08-09
1473,706,65,4,2025-09-12
1474,457,69,3,2026-03-23
1475,796,179,4,2026-03-25
1476,763,51,3,2026-02-28
1477,799,144,3,2026-07-03
1478,13,177,1,2026-01-25
1479,345,162,1,2026-03-07
1480,392,195,3,2026-08-01
1481,167,70,3,2025-12-11
1482,632,194,1,2025-12-19
1483,298,117,2,2026-04-22
1484,644,174,4,2026-06-06
1485,330,164,4,2026-06-20
1486,648,180,2,2025-11-15
1487,615,87,4,2026-04-08
1488,321,48,3,2026-08-19
1489,854,130,5,2026-07-17
1490,548,189,3,2026-01-10
1491,463,24,5,2026-06-23
1492,953,26,2,2026-01-24
1493,63,131,4,2025-09-13
1494,522,156,5,2026-07-17
1495,14,42,1,2026-01-25
1496,305,31,5,2026-04-10
1497,200,143,2,2025-12-25
1498,814,73,4,2026-05-21
1499,631,17,5,2026-05-17
1500,339,174,4,2025-12-07
1501,29,140,5,2025-10-15
1502,785,31,4,2026-02-18
1503,854,83,2,2026-06-29
1504,507,21,5,2026-01-23
1505,230,25,5,2026-04-06
1506,89,11,3,2025-08-27
1507,652,170,1,2025-08-29
1508,504,191,2,2026-06-07
1509,333,150,4,2025-10-22
1510,672,11,4,2026-07-25
1511,292,70,3,2025-12-04
1512,598,56,4,2025-09-07
1513,445,98,3,2025-10-22
1514,440,85,4,2026-05-13
1515,529,65,5,2025-12-09
1516,666,97,3,2026-06-21
1517,371,13,2,2026-02-13
1518,293,163,4,2026-01-25
1519,612,197,3,2026-05-04
1520,505,122,3,2025-10-22
1521,228,44,1,2025-10-23
1522,438,140,1,2026-04-07
1523,24,103,5,2026-07-27
1524,476,33,4,2026-05-02
1525,391,88,2,2025-12-18
1526,217,181,3,2026-04-29
1527,256,6,2,2026-02-11
1528,798,171,1,2026-04-19
1529,873,190,1,2026-03-20
1530,369,67,5,2026-07-23
1531,226,12,2,2026-03-15
1532,835,18,2,2026-03-30
1533,83,62,4,2026-07-14
1534,297,63,5,2026-03-24
1535,972,48,5,2026-06-23
1536,666,171,1,2025-11-03
1537,7,60,1,2025-09-10
1538,173,167,4,2025-10-06
1539,731,37,5,2026-03-05
1540,244,82,5,2026-06-03
1541,917,2,3,2026-03-04
1542,331,141,2,2026-08-14
1543,322,118,1,2025-10-02
1544,6,37,1,2025-12-09
1545,547,69,1,2026-07-06
1546,561,71,1,2026-06-03
1547,53,174,2,2026-07-11
1548,97,155,1,2026-04-20
1549,439,110,1,2025-12-29
1550,71,106,1,2025-10-13
1551,828,71,5,2026-04-06
1552,869,58,1,2026-07-23
1553,225,121,3,2025-10-16
1554,620,23,1,2025-12-08
1555,598,189,2,2026-05-01
1556,438,140,4,2025-12-30
1557,217,146,5,2026-08-20
1558,444,198,4,2026-07-30
1559,285,116,3,2026-08-11
1560,898,155,2,2026-06-16
1561,520,99,4,2026-01-07
1562,550,190,5,2026-02-09
1563,411,178,5,2026-07-09
1564,318,196,3,2026-01-25
1565,120,52,2,2025-10-09
1566,712,112,4,2026-05-16
1567,920,118,1,2026-06-30
1568,886,118,3,2026-04-27
1569,55,133,5,2026-02-26
1570,252,54,4,2026-03-22
1571,212,192,5,2025-12-09
1572,473,42,5,2025-12-13
1573,899,6,1,2026-08-17
1574,705,84,4,2025-08-25
1575,278,131,4,2026-07-08
1576,516,20,3,2026-01-04
1577,870,80,5,2025-09-01
1578,856,183,2,2026-03-28
1579,623,32,4,2026-04-25
1580,630,2,2,2026-02-27
1581,764,150,4,2025-11-29
1582,20,197,2,2025-12-03
1583,913,49,1,2026-07-09
1584,167,187,4,2025-12-23
1585,256,195,4,2025-09-23
1586,379,168,4,2026-05-22
1587,118,194,5,2026-02-11
1588,434,27,1,2026-08-02
1589,649,83,2,2025-10-04
1590,21,146,4,2026-04-12
1591,575,184,1,2026-06-23
1592,800,110,1,2026-03-05
1593,763,29,2,2026-02-17
1594,514,41,3,2026-01-09
1595,905,102,5,2025-11-13
1596,797,78,4,2026-07-24
1597,260,77,5,2026-05-30
1598,582,148,4,2026-08-06
1599,739,34,3,2026-03-25
1600,972,102,3,2025-10-29
1601,902,145,2,2026-02-25
1602,208,10,5,2026-06-03
1603,666,64,5,2026-07-31
1604,622,29,5,2025-10-10
1605,504,77,2,2025-09-19
1606,720,153,4,2025-10-23
1607,566,87,1,2026-05-10
1608,356,31,4,2026-03-14
1609,830,89,3,2025-09-10
1610,202,101,3,2026-02-17
1611,223,34,3,2026-07-27
1612,91,31,3,2026-04-19
1613,93,179,3,2026-06-06
1614,521,148,4,2025-09-26
1615,328,121,1,2026-03-14
1616,901,9,3,2026-03-15
1617,610,160,4,2026-01-02
1618,160,47,5,2025-10-03
1619,52,68,1,2026-03-08
1620,689,75,1,2026-06-08
1621,472,149,5,2026-08-16
1622,944,74,2,2025-11-29
1623,623,34,3,2025-11-12
1624,720,135,3,2026-05-06
1625,952,106,5,2025-10-03
1626,517,147,1,2025-11-16
1627,973,170,3,2026-06-08
1628,723,32,2,2025-11-20
1629,316,8,5,2026-01-23
1630,89,20,5,2025-12-28
1631,761,141,4,2026-03-01
1632,5,164,5,2026-01-04
1633,123,24,3,2026-04-27
1634,10,149,3,2026-07-20
1635,131,155,4,2025-08-28
1636,258,158,3,2025-10-04
1637,673,141,3,2025-10-24
1638,912,175,5,2026-01-25
1639,109,57,5,2025-11-10
1640,396,130,4,2025-12-21
1641,559,123,1,2025-09-19
1642,262,145,1,2025-08-26
1643,115,127,4,2026-06-21
1644,927,97,2,2026-05-13
1645,871,97,3,2026-04-30
1646,781,129,4,2026-04-11
1647,104,178,4,2026-01-06
1648,874,159,3,2026-05-09
1649,541,195,4,2026-08-14
1650,559,131,1,2026-04-30
1651,794,182,4,2026-07-26
1652,515,121,4,2025-11-30
1653,652,183,2,2025-08-25
1654,339,128,4,2026-01-04
1655,605,156,1,2025-12-06
1656,617,91,1,2025-11-15
1657,98,18,4,2025-11-25
1658,535,189,2,2025-09-22
1659,376,115,2,2026-03-15
1660,384,30,1,2026-01-22
1661,508,25,4,2026-05-19
1662,857,151,5,2025-11-04
1663,352,95,4,2025-10-03
1664,582,79,5,2026-05-29
1665,361,117,1,2025-10-10
1666,695,71,5,2026-02-01
1667,451,99,2,2025-11-11
1668,858,2,2,2026-02-04
1669,170,10,2,2026-08-09
1670,772,168,4,2025-10-10
1671,637,121,5,2026-05-29
1672,431,45,2,2026-05-25
1673,441,157,4,2026-06-12
1674,804,129,5,2025-10-15
1675,733,59,4,2026-08-08
1676,661,191,1,2026-07-27
1677,666,24,3,2025-10-14
1678,91,23,5,2026-05-17
1679,399,116,3,2025-12-28
1680,617,99,3,2026-05-30
1681,495,116,5,2025-10-23
1682,234,20,4,2025-12-19
1683,729,182,4,2026-03-20
1684,303,178,3,2026-01-05
1685,86,63,2,2026-05-24
1686,28,9,1,2025-12-22
1687,420,21,2,2026-06-16
1688,165,59,5,2026-03-17
1689,336,42,3,2025-10-16
1690,685,57,4,2026-01-17
1691,370,38,3,2026-01-27
1692,448,109,4,2026-06-25
1693,917,182,5,2026-03-20
1694,542,12,2,2026-04-06
1695,676,95,2,2026-03-04
1696,114,174,2,2025-10-04
1697,42,49,3,2026-07-11
1698,988,190,1,2025-12-31
1699,50,151,1,2026-04-13
1700,759,79,5,2026-05-06
1701,898,80,3,2025-09-13
1702,696,86,5,2026-07-22
1703,245,167,2,2026-05-24
1704,445,63,4,2025-10-08
1705,664,37,4,2026-07-29
1706,816,18,1,2026-07-30
1707,737,34,3,2026-08-19
1708,270,89,1,2026-03-20
1709,260,154,3,2025-10-30
1710,702,67,1,2026-07-04
1711,745,4,5,2025-10-30
1712,197,14,1,2026-04-27
1713,530,138,1,2026-05-23
1714,914,37,5,2026-04-26
1715,111,56,4,2025-10-26
1716,887,188,1,2026-04-16
1717,845,178,1,2025-08-26
1718,954,182,3,2026-01-27
1719,983,8,3,2025-09-04
1720,182,163,2,2025-12-05
1721,552,72,4,2025-11-27
1722,140,173,1,2026-05-28
1723,694,38,3,2025-10-07
1724,888,38,3,2025-09-18
1725,398,8,4,2026-03-18
1726,420,43,5,2025-10-20
1727,208,163,3,2026-05-02
1728,905,145,4,2025-09-22
1729,430,160,3,2026-08-22
1730,538,199,4,2025-12-12
1731,984,99,2,2025-11-18
1732,681,74,1,2026-04-12
1733,478,92,3,2026-01-22
1734,218,191,3,2025-09-20
1735,503,114,3,2026-02-22
1736,873,127,1,2026-06-08
1737,510,51,1,2025-10-01
1738,505,67,1,2025-12-09
1739,716,107,5,2025-10-22
1740,9,153,1,2026-04-07
1741,180,40,4,2025-10-27
1742,311,170,1,2025-09-12
1743,188,65,2,2026-01-27
1744,445,105,1,2025-12-29
1745,667,107,4,2026-03-23
1746,427,105,1,2026-08-12
1747,476,24,1,2026-06-05
1748,757,28,4,2025-08-26
1749,36,64,4,2026-06-30
1750,625,151,3,2025-12-15
1751,506,173,2,2025-09-30
1752,871,11,3,2026-02-08
1753,957,180,5,2025-08-25
1754,48,172,4,2026-07-28
1755,669,169,3,2026-07-02
1756,514,178,2,2025-09-15
1757,97,138,4,2026-01-14
1758,29,106,3,2026-04-09
1759,819,73,2,2026-05-18
1760,538,17,2,2025-10-01
1761,716,162,2,2025-09-06
1762,166,200,5,2026-05-20
1763,673,164,2,2026-06-06
1764,185,109,4,2026-04-20
1765,361,75,4,2025-12-04
1766,676,60,2,2026-03-27
1767,80,183,1,2026-07-23
1768,683,179,4,2025-12-17
1769,365,38,1,2025-12-17
1770,680,149,3,2025-11-13
1771,197,52,2,2026-02-04
1772,201,29,1,2026-06-29
1773,865,97,2,2025-12-19
1774,265,152,3,2025-11-03
1775,865,21,1,2025-10-06
1776,874,17,1,2026-07-22
1777,865,120,3,2025-11-23
1778,951,66,2,2025-10-01
1779,137,134,3,2026-01-06
1780,650,75,4,2026-07-29
1781,76,43,4,2026-08-19
1782,746,129,2,2026-06-09
1783,373,19,1,2025-12-06
1784,672,148,5,2025-09-27
1785,424,11,5,2026-02-09
1786,927,100,1,2025-11-03
1787,427,15,2,2026-07-17
1788,802,30,2,2025-08-26
1789,74,70,3,2025-10-31
1790,413,93,3,2025-10-11
1791,299,129,4,2025-10-25
1792,27,18,2,2026-04-21
1793,412,133,2,2026-07-31
1794,606,28,4,2026-05-16
1795,494,66,3,2026-04-29
1796,994,81,5,2026-02-15
1797,857,181,3,2026-06-14
1798,21,132,4,2026-03-30
1799,118,59,1,2026-03-31
1800,663,73,2,2025-11-12
1801,780,180,2,2026-04-05
1802,703,156,2,2025-10-13
1803,924,198,4,2025-12-14
1804,321,199,4,2025-11-15
1805,38,113,4,2026-07-23
1806,975,104,3,2026-02-06
1807,548,156,2,2026-01-09
1808,828,115,4,2026-02-14
1809,122,83,5,2025-12-17
1810,436,114,2,2026-04-05
1811,58,130,2,2026-02-26
1812,527,20,5,2026-02-15
1813,15,15,1,2026-08-21
1814,681,6,1,2026-03-05
1815,591,170,4,2025-10-13
1816,10,40,4,2025-09-16
1817,307,117,3,2026-06-18
1818,60,181,4,2026-04-21
1819,995,44,1,2026-06-11
1820,968,172,3,2026-04-11
1821,425,82,4,2025-10-19
1822,474,200,5,2026-06-14
1823,673,175,2,2026-01-08
1824,201,79,4,2026-01-06
1825,288,183,4,2026-06-28
1826,243,197,3,2026-08-09
1827,438,96,1,2025-08-26
1828,450,188,5,2025-09-23
1829,648,159,3,2025-11-14
1830,813,58,1,2025-12-31
1831,729,46,2,2026-05-02
1832,939,125,3,2025-10-25
1833,846,132,5,2026-07-13
1834,98,69,4,2025-09-18
1835,389,65,3,2025-09-30
1836,148,122,1,2026-04-14
1837,154,79,3,2025-10-07
1838,886,40,5,2025-11-13
1839,237,102,1,2026-08-08
1840,715,89,3,2026-07-07
1841,835,115,3,2026-06-13
1842,582,128,5,2025-11-07
1843,494,59,3,2026-07-12
1844,305,21,5,2025-11-26
1845,946,160,1,2026-08-04
1846,271,12,1,2025-11-10
1847,719,35,4,2025-12-12
1848,442,17,3,2026-01-27
1849,82,86,4,2025-11-25
1850,634,93,2,2025-12-29
1851,109,124,5,2026-03-26
1852,881,83,2,2025-12-12
1853,642,33,4,2026-04-01
1854,263,193,1,2026-04-25
1855,937,54,1,2025-12-16
1856,50,3,1,2026-08-08
1857,500,141,3,2025-11-24
1858,207,17,3,2025-10-05
1859,173,62,2,2026-03-02
1860,103,150,2,2025-09-19
1861,592,82,2,2025-12-18
1862,2,55,1,2025-11-14
1863,762,159,2,2026-07-10
1864,435,8,1,2026-04-20
1865,934,161,5,2026-08-12
1866,507,187,2,2025-10-06
1867,492,87,4,2025-11-19
1868,410,93,1,2026-07-21
1869,186,198,4,2026-04-20
1870,740,141,5,2025-10-18
1871,350,163,1,2025-08-24
1872,238,61,2,2026-01-14
1873,673,44,5,2026-06-20
1874,813,88,3,2026-01-07
1875,96,152,2,2026-04-29
1876,772,32,2,2026-04-28
1877,667,150,4,2025-12-12
1878,119,57,5,2025-09-01
1879,384,40,4,2026-03-03
1880,30,153,3,2025-12-30
1881,479,139,3,2026-01-30
1882,602,83,4,2025-11-11
1883,395,34,5,2026-08-15
1884,728,37,2,2026-06-16
1885,166,164,1,2025-11-19
1886,658,3,1,2026-06-20
1887,727,136,1,2026-05-27
1888,249,128,4,2026-07-01
1889,771,27,5,2025-11-19
1890,10,192,1,2026-07-09
1891,269,135,5,2025-10-20
1892,347,23,2,2026-06-02
1893,246,187,3,2025-11-28
1894,158,177,4,2026-05-15
1895,258,120,3,2025-12-24
1896,577,187,1,2026-02-07
1897,861,135,2,2026-05-16
1898,443,175,3,2025-12-03
1899,352,41,3,2025-12-12
1900,428,123,1,2026-06-11
1901,298,145,3,2025-12-15
1902,86,60,1,2026-07-25
1903,371,4,4,2026-06-24
1904,276,9,2,2026-08-04
1905,212,135,5,2026-06-03
1906,133,40,5,2026-05-25
1907,363,88,3,2026-04-26
1908,182,93,3,2026-04-25
1909,584,146,4,2026-02-18
1910,896,150,1,2025-08-29
1911,299,80,3,2026-07-28
1912,419,178,1,2026-04-20
1913,771,165,1,2026-04-13
1914,739,142,3,2026-04-18
1915,913,187,4,2026-01-07
1916,148,127,2,2026-01-25
1917,263,188,5,2026-04-10
1918,846,7,1,2025-09-28
1919,34,17,5,2026-01-10
1920,828,71,3,2026-04-12
1921,533,13,4,2026-03-22
1922,510,45,3,2026-05-14
1923,771,178,2,2026-01-03
1924,777,37,3,2026-02-03
1925,265,148,2,2025-09-06
1926,997,133,3,2026-04-24
1927,37,112,4,2025-10-30
1928,526,73,2,2025-11-20
1929,304,72,5,2026-05-16
1930,36,173,1,2025-11-18
1931,301,48,3,2025-12-15
1932,729,88,2,2026-08-13
1933,563,170,2,2026-08-18
1934,306,135,5,2025-09-01
1935,729,126,1,2026-04-27
1936,560,85,4,2026-08-03
1937,614,84,1,2025-11-03
1938,405,158,3,2025-12-28
1939,365,187,1,2026-03-07
1940,39,171,1,2026-04-05
1941,741,153,4,2026-05-04
1942,690,65,2,2025-11-08
1943,25,168,2,2026-01-23
1944,892,56,1,2026-07-23
1945,677,48,4,2026-01-10
1946,755,16,3,2026-05-09
1947,214,160,3,2026-01-27
1948,833,141,5,2026-01-27
1949,778,3,1,2025-09-17
1950,292,93,5,2026-06-07
1951,96,114,3,2025-10-02
1952,183,110,2,2026-03-19
1953,18,41,1,2025-09-19
1954,539,91,4,2026-07-24
1955,303,1,1,2026-06-22
1956,226,53,3,2025-11-07
1957,392,119,3,2025-11-24
1958,114,189,5,2025-11-04
1959,104,104,1,2026-05-23
1960,275,186,2,2026-07-01
1961,345,119,1,2025-09-26
1962,246,200,2,2026-03-23
1963,523,183,1,2026-07-23
1964,230,88,2,2026-05-23
1965,605,146,2,2026-01-27
1966,824,13,5,2026-07-06
1967,296,18,5,2026-01-15
1968,674,52,4,2026-01-28
1969,758,188,4,2025-09-19
1970,651,136,1,2026-07-29
1971,981,91,3,2025-10-07
1972,66,26,3,2026-06-28
1973,416,128,3,2026-01-06
1974,127,87,2,2026-04-13
1975,56,43,5,2026-05-28
1976,581,106,1,2025-08-25
1977,576,88,4,2026-05-09
1978,302,142,4,2025-12-11
1979,52,91,1,2025-12-16
1980,568,188,4,2025-08-30
1981,911,158,5,2026-08-15
1982,685,146,3,2025-09-02
1983,489,163,4,2026-07-12
1984,896,14,5,2026-01-18
1985,76,135,4,2025-09-11
1986,289,152,1,2026-02-05
1987,198,112,5,2026-06-05
1988,555,133,1,2026-08-06
1989,27,88,4,2026-03-15
1990,117,168,1,2025-12-23
1991,778,179,5,2025-12-19
1992,596,67,1,2026-08-16
1993,945,66,4,2026-05-13
1994,312,88,1,2025-08-24
1995,73,37,2,2025-10-09
1996,194,31,5,2025-10-27
1997,670,7,1,2026-07-08
1998,898,25,5,2025-10-08
1999,667,65,3,2026-01-07
2000,647,17,1,2026-03-18
2001,376,80,3,2025-09-08
2002,90,28,5,2026-08-22
2003,654,138,2,2025-12-21
2004,52,176,2,2026-07-16
2005,267,151,2,2025-08-27
2006,669,177,3,2026-03-03
2007,89,85,3,2026-01-07
2008,700,31,4,2025-11-27
2009,765,22,3,2026-03-29
2010,428,25,5,2025-11-12
2011,880,53,2,2025-09-04
2012,721,69,3,2025-10-10
2013,76,103,2,2026-04-24
2014,388,37,4,2026-05-22
2015,103,127,2,2026-04-27
2016,394,30,4,2025-08-31
2017,494,124,1,2026-02-28
2018,445,56,3,2026-01-09
2019,207,67,5,2026-02-28
2020,604,13,4,2026-03-16
2021,584,27,4,2025-10-29
2022,823,99,4,2025-09-09
2023,881,35,3,2026-03-30
2024,322,39,3,2026-06-17
2025,112,7,1,2026-05-02
2026,275,192,3,2025-12-31
2027,3,4,3,2026-05-17
2028,459,178,1,2025-10-24
2029,698,189,1,2026-04-07
2030,596,62,3,2025-12-26
2031,110,34,1,2026-03-04
2032,118,53,4,2025-11-10
2033,762,3,2,2026-03-16
2034,736,178,2,2026-05-21
2035,640,101,3,2025-11-14
2036,863,66,2,2026-07-08
2037,812,178,1,2026-05-23
2038,770,85,2,2025-09-03
2039,772,21,4,2025-11-12
2040,861,157,4,2026-08-20
2041,155,183,1,2026-08-03
2042,524,148,5,2026-05-04
2043,61,190,1,2026-03-01
2044,965,2,3,2026-02-06
2045,563,192,5,2025-10-02
2046,278,185,4,2025-10-20
2047,165,138,3,2025-08-25
2048,163,20,2,2025-10-01
2049,910,142,1,2025-10-01
2050,258,35,1,2026-08-08
2051,23,188,4,2026-04-12
2052,657,74,5,2026-05-26
2053,228,40,5,2026-03-15
2054,56,29,4,2026-02-26
2055,287,64,1,2025-12-31
2056,749,48,3,2026-02-04
2057,903,90,4,2026-01-20
2058,90,2,2,2026-06-18
2059,158,19,5,2025-08-23
2060,536,12,1,2026-04-04
2061,711,139,5,2026-05-20
2062,28,54,2,2026-08-13
2063,209,55,2,2026-01-01
2064,606,12,5,2025-12-07
2065,53,118,5,2025-11-15
2066,287,70,5,2026-07-04
2067,842,78,4,2026-08-06
2068,689,140,1,2025-09-13
2069,818,164,3,2026-04-16
2070,597,94,5,2026-06-29
2071,104,200,1,2025-10-27
2072,719,111,4,2026-06-13
2073,485,29,5,2025-09-02
2074,432,161,5,2026-03-26
2075,1,39,4,2025-09-03
2076,284,105,2,2026-06-05
2077,293,110,2,2026-07-27
2078,835,108,4,2026-03-07
2079,935,101,4,2026-05-20
2080,975,188,3,2026-02-07
2081,370,40,4,2026-06-19
2082,696,43,1,2025-09-08
2083,626,179,1,2025-10-21
2084,962,198,3,2026-05-10
2085,147,161,5,2026-06-22
2086,832,94,4,2026-01-04
2087,310,50,1,2026-06-28
2088,647,48,2,2025-09-16
2089,512,100,5,2026-08-15
2090,574,34,4,2025-08-29
2091,495,134,4,2025-09-23
2092,75,45,1,2025-12-12
2093,577,151,2,2026-07-12
2094,967,118,4,2025-11-21
2095,745,39,2,2025-11-25
2096,448,198,1,2026-02-16
2097,698,38,1,2026-04-15
2098,252,64,3,2025-11-10
2099,430,90,1,2025-12-13
2100,698,131,2,2025-10-23
2101,109,168,1,2026-01-26
2102,159,19,4,2025-10-06
2103,794,86,3,2026-08-02
2104,334,82,4,2026-02-23
2105,72,76,1,2025-11-10
2106,679,7,1,2026-04-28
2107,311,159,4,2026-02-03
2108,259,198,1,2025-09-21
2109,278,132,2,2026-05-12
2110,125,182,4,2026-04-02
2111,261,26,1,2026-07-02
2112,338,113,1,2025-11-06
2113,61,80,4,2026-01-01
2114,144,136,5,2026-01-20
2115,773,105,1,2025-10-27
2116,853,93,5,2026-07-13
2117,59,198,1,2026-08-06
2118,383,18,2,2026-01-16
2119,543,76,5,2026-01-10
2120,379,153,3,2026-02-27
2121,571,54,5,2025-11-03
2122,819,36,4,2025-09-04
2123,178,14,4,2026-04-24
2124,887,141,1,2026-07-18
2125,438,114,1,2025-11-22
2126,730,44,5,2025-10-14
2127,836,78,2,2026-05-09
2128,911,155,2,2025-12-27
2129,359,113,1,2026-04-12
2130,460,96,5,2025-10-05
2131,466,72,3,2026-05-08
2132,863,112,3,2026-03-13
2133,176,88,3,2025-12-29
2134,45,47,4,2026-02-28
2135,665,190,4,2025-08-25
2136,845,198,3,2025-09-28
2137,298,13,2,2025-12-26
2138,512,114,1,2025-10-17
2139,176,119,4,2025-09-09
2140,255,154,3,2026-03-24
2141,176,154,1,2025-11-23
2142,481,71,1,2025-12-19
2143,35,30,4,2026-02-20
2144,276,104,4,2026-01-15
2145,79,70,1,2026-07-06
2146,999,1,5,2025-11-04
2147,932,42,2,2025-09-02
2148,368,153,2,2025-11-19
2149,657,200,5,2025-10-15
2150,284,74,4,2026-01-16
2151,840,23,3,2025-12-25
2152,875,17,3,2025-09-04
2153,424,24,5,2025-10-13
2154,999,16,4,2026-02-22
2155,376,163,1,2025-11-23
2156,992,200,3,2025-09-28
2157,366,61,2,2025-09-29
2158,783,51,1,2026-04-10
2159,148,149,3,2025-12-22
2160,849,40,2,2025-10-05
2161,437,131,1,2026-06-11
2162,452,78,2,2026-08-21
2163,418,67,1,2026-08-05
2164,464,169,1,2025-11-25
2165,843,160,1,2025-12-08
2166,566,51,1,2025-08-28
2167,723,70,4,2025-09-04
2168,905,78,1,2026-05-18
2169,618,75,1,2026-05-01
2170,117,104,3,2026-06-11
2171,997,63,1,2026-06-27
2172,28,120,5,2025-11-23
2173,458,53,3,2025-12-01
2174,809,7,2,2026-06-21
2175,827,170,3,2026-02-27
2176,700,111,4,2025-12-24
2177,422,186,3,2026-05-03
2178,83,52,3,2025-09-30
2179,906,73,5,2026-08-09
2180,70,64,5,2026-01-09
2181,332,168,2,2025-08-23
2182,765,84,1,2025-10-28
2183,640,184,4,2026-01-28
2184,936,167,1,2025-09-03
2185,92,138,1,2026-06-25
2186,744,23,3,2026-03-03
2187,454,13,2,2026-02-07
2188,486,179,2,2025-09-01
2189,597,51,4,2026-01-18
2190,741,112,3,2026-07-21
2191,599,39,4,2026-06-10
2192,8,41,1,2025-12-06
2193,728,14,3,2026-06-06
2194,686,142,1,2026-07-06
2195,21,12,5,2025-12-07
2196,577,83,5,2025-11-30
2197,115,34,3,2026-08-16
2198,986,190,3,2025-12-22
2199,133,66,1,2025-11-15
2200,928,189,2,2025-09-18
2201,916,191,2,2026-01-01
2202,869,187,2,2025-10-14
2203,411,157,3,2025-10-18
2204,433,188,4,2026-08-23
2205,724,74,2,2026-03-11
2206,323,112,1,2026-07-26
2207,379,55,2,2026-06-18
2208,990,8,2,2026-07-29
2209,830,15,5,2026-01-21
2210,155,43,5,2025-09-03
2211,224,143,2,2026-05-05
2212,241,79,1,2025-10-21
2213,360,104,1,2026-07-13
2214,635,116,1,2026-01-12
2215,215,101,2,2025-09-12
2216,720,67,3,2026-01-06
2217,61,73,4,2026-01-18
2218,13,59,5,2026-02-23
2219,718,84,3,2026-07-20
2220,305,181,2,2026-01-13
2221,530,100,2,2025-09-21
2222,640,162,5,2025-10-18
2223,391,63,5,2026-01-28
2224,41,18,1,2025-09-08
2225,96,82,4,2026-01-07
2226,929,82,3,2025-10-31
2227,241,68,4,2026-08-13
2228,643,19,1,2026-04-26
2229,736,28,3,2026-06-16
2230,717,7,1,2025-10-16
2231,964,187,1,2026-02-03
2232,168,94,2,2025-09-04
2233,13,66,1,2025-12-08
2234,452,81,1,2025-10-04
2235,921,174,4,2025-12-24
2236,453,129,4,2026-07-02
2237,828,67,4,2025-08-28
2238,811,38,5,2025-10-28
2239,310,47,5,2025-09-30
2240,986,74,1,2025-12-03
2241,131,15,4,2025-12-31
2242,41,185,3,2026-07-16
2243,422,22,4,2026-04-15
2244,639,69,1,2025-11-06
2245,68,198,4,2026-04-08
2246,168,22,1,2025-11-18
2247,51,188,2,2026-01-02
2248,481,82,4,2025-12-25
2249,736,112,5,2026-05-30
2250,973,74,5,2025-09-20
2251,407,44,1,2026-04-07
2252,898,68,4,2026-02-14
2253,579,150,3,2025-12-04
2254,577,156,3,2026-06-19
2255,686,180,5,2025-10-02
2256,885,16,4,2026-04-26
2257,683,134,5,2026-02-27
2258,548,152,3,2025-12-13
2259,502,142,1,2025-12-30
2260,860,4,5,2026-01-30
2261,991,59,4,2026-01-02
2262,934,30,3,2026-07-06
2263,909,173,3,2026-05-06
2264,476,172,2,2025-11-20
2265,103,25,2,2025-09-30
2266,345,98,3,2025-11-12
2267,680,141,2,2025-12-02
2268,621,181,5,2025-10-27
2269,667,155,2,2026-01-08
2270,986,63,2,2026-05-27
2271,324,104,5,2026-01-04
2272,350,67,5,2026-06-04
2273,537,3,5,2025-09-02
2274,332,89,2,2026-07-03
2275,536,70,3,2026-04-11
2276,214,32,1,2026-08-15
2277,588,5,1,2026-07-11
2278,486,119,4,2025-09-08
2279,6,26,1,2025-11-13
2280,678,64,3,2025-09-15
2281,698,35,4,2025-10-06
2282,349,199,3,2026-08-18
2283,862,46,5,2026-02-19
2284,544,117,4,2026-08-11
2285,106,21,4,2025-11-28
2286,628,134,4,2025-12-27
2287,177,82,1,2025-09-24
2288,810,79,4,2026-01-07
2289,8,138,5,2026-02-28
2290,686,54,3,2026-04-08
2291,190,65,4,2026-03-03
2292,988,48,1,2026-06-28
2293,472,162,1,2026-07-15
2294,918,30,2,2026-07-10
2295,214,28,4,2025-11-05
2296,243,36,2,2025-10-11
2297,840,133,1,2025-12-27
2298,429,162,3,2026-01-18
2299,319,177,1,2025-11-07
2300,726,1,3,2026-03-16
2301,711,3,2,2025-11-29
2302,148,76,2,2025-09-18
2303,639,6,2,2026-02-20
2304,287,108,5,2026-07-09
2305,584,156,5,2026-07-08
2306,308,36,2,2026-04-02
2307,248,132,1,2026-01-16
2308,690,68,4,2025-09-21
2309,754,67,5,2025-12-11
2310,270,47,5,2025-09-13
2311,580,86,5,2025-12-03
2312,228,6,2,2025-09-09
2313,274,59,3,2025-11-14
2314,89,18,5,2026-02-04
2315,323,61,5,2025-08-26
2316,141,7,1,2025-09-20
2317,872,8,3,2025-11-02
2318,426,146,3,2026-07-12
2319,397,131,2,2025-09-04
2320,983,150,3,2026-04-20
2321,508,122,2,2026-08-09
2322,185,123,2,2026-04-30
2323,952,32,3,2025-12-06
2324,913,141,5,2025-09-02
2325,26,71,4,2026-05-17
2326,459,123,2,2026-05-17
2327,149,140,1,2025-11-04
2328,296,120,2,2026-01-14
2329,25,194,2,2025-08-24
2330,913,81,1,2025-10-02
2331,758,193,1,2026-05-24
2332,732,15,2,2026-02-19
2333,442,135,3,2026-08-15
2334,518,116,3,2025-10-02
2335,246,56,1,2026-07-26
2336,557,50,4,2026-06-15
2337,11,124,2,2026-08-20
2338,743,92,2,2025-12-01
2339,891,25,2,2025-11-13
2340,476,117,2,2025-11-21
2341,251,28,2,2026-03-19
2342,701,30,2,2026-08-16
2343,398,81,3,2026-07-16
2344,943,160,2,2026-04-11
2345,60,55,2,2025-12-18
2346,285,68,3,2026-03-03
2347,359,38,1,2026-05-03
2348,233,54,5,2025-12-23
2349,465,88,2,2025-12-07
2350,266,112,4,2026-07-15
2351,607,120,2,2025-12-17
2352,846,191,4,2026-03-25
2353,453,162,4,2026-03-13
2354,733,69,3,2026-06-13
2355,635,146,2,2026-03-19
2356,84,6,4,2025-10-02
2357,903,111,3,2026-04-18
2358,872,42,5,2025-10-25
2359,105,192,1,2025-12-07
2360,192,109,5,2026-03-31
2361,510,150,1,2025-10-06
2362,16,161,4,2026-03-02
2363,770,69,5,2026-01-31
2364,417,94,2,2026-03-14
2365,314,26,5,2026-07-02
2366,903,108,4,2026-06-02
2367,84,81,2,2025-12-25
2368,344,90,5,2026-06-03
2369,227,97,2,2026-06-23
2370,952,137,4,2025-10-25
2371,44,178,2,2026-03-17
2372,231,69,3,2026-07-18
2373,350,2,2,2025-12-19
2374,577,55,2,2026-01-23
2375,473,104,1,2026-06-12
2376,448,150,2,2026-01-04
2377,805,57,1,2025-09-14
2378,280,25,4,2026-06-27
2379,10,132,4,2026-06-23
2380,35,14,5,2025-10-08
2381,192,102,3,2026-06-20
2382,137,149,5,2026-06-23
2383,874,112,3,2026-06-22
2384,553,171,3,2026-03-20
2385,862,89,3,2026-06-06
2386,173,117,2,2026-03-30
2387,937,8,3,2025-08-23
2388,747,182,3,2025-10-20
2389,109,175,3,2025-09-06
2390,397,89,3,2025-09-24
2391,939,92,5,2026-08-02
2392,232,77,4,2026-03-08
2393,975,177,1,2026-05-16
2394,400,142,5,2025-10-09
2395,978,124,5,2025-09-12
2396,169,111,1,2025-12-30
2397,656,107,1,2026-06-25
2398,158,126,2,2026-04-17
2399,54,59,5,2025-10-11
2400,496,63,3,2026-02-27
2401,666,114,5,2026-07-02
2402,369,192,4,2026-05-22
2403,985,83,2,2025-11-10
2404,476,104,5,2026-08-13
2405,981,112,2,2026-08-11
2406,765,90,2,2026-02-01
2407,379,42,4,2026-02-21
2408,455,147,5,2025-10-02
2409,7,16,3,2026-08-18
2410,789,28,4,2026-01-22
2411,663,46,1,2026-07-09
2412,589,182,1,2025-10-26
2413,613,125,1,2026-06-14
2414,845,138,5,2025-10-16
2415,622,130,5,2025-08-30
2416,56,178,5,2026-06-03
2417,339,199,1,2026-06-09
2418,100,82,3,2026-03-12
2419,644,166,2,2026-01-31
2420,584,68,5,2026-05-27
2421,979,165,5,2026-04-30
2422,815,59,4,2025-09-01
2423,366,57,2,2026-04-30
2424,336,26,3,2026-05-15
2425,545,152,4,2026-01-12
2426,978,138,2,2026-02-27
2427,232,187,1,2025-11-06
2428,917,170,4,2026-01-31
2429,568,66,4,2026-05-17
2430,389,193,5,2026-05-17
2431,181,148,2,2025-11-27
2432,716,134,2,2026-07-07
2433,691,130,3,2026-02-24
2434,262,130,4,2025-11-12
2435,951,81,2,2025-09-23
2436,300,66,1,2025-10-17
2437,925,134,4,2026-08-20
2438,983,30,5,2026-05-12
2439,893,64,3,2026-01-28
2440,679,176,1,2026-04-29
2441,731,55,2,2026-07-13
2442,62,179,3,2025-11-11
2443,290,141,2,2025-09-05
2444,996,197,1,2026-07-10
2445,490,89,1,2026-05-11
2446,850,182,4,2025-12-18
2447,165,55,4,2025-09-12
2448,505,55,2,2026-03-23
2449,502,188,3,2025-10-22
2450,477,174,1,2026-07-04
2451,247,46,3,2026-02-20
2452,74,131,1,2026-03-04
2453,831,194,3,2026-05-01
2454,458,64,1,2026-04-04
2455,409,15,4,2026-03-07
2456,747,58,3,2026-07-15
2457,861,187,1,2026-06-09
2458,292,96,1,2026-08-10
2459,274,177,5,2026-02-27
2460,919,45,5,2026-01-03
2461,178,9,2,2025-10-01
2462,213,196,2,2026-07-15
2463,906,89,5,2025-11-14
2464,396,142,2,2026-03-20
2465,421,108,2,2026-07-19
2466,716,184,1,2025-12-18
2467,124,126,2,2026-04-04
2468,917,115,2,2025-10-19
2469,839,154,5,2026-07-28
2470,42,79,5,2026-08-21
2471,908,4,2,2026-08-03
2472,738,1,1,2026-02-16
2473,237,84,3,2025-11-04
2474,112,74,5,2026-02-04
2475,714,160,1,2026-07-13
2476,79,52,2,2026-02-18
2477,197,158,2,2025-09-13
2478,372,195,3,2026-07-13
2479,781,76,1,2025-11-14
2480,59,189,3,2026-06-29
2481,507,103,2,2026-08-13
2482,938,112,3,2026-03-14
2483,535,193,4,2025-09-21
2484,202,158,1,2026-06-03
2485,744,146,2,2026-08-11
2486,216,42,1,2026-03-30
2487,785,152,2,2026-02-13
2488,801,143,1,2025-09-13
2489,886,125,5,2025-09-08
2490,87,200,4,2026-05-25
2491,875,158,3,2026-08-12
2492,212,26,3,2026-03-01
2493,603,101,5,2026-05-07
2494,471,5,3,2026-07-30
2495,378,110,2,2025-09-20
2496,589,195,5,2025-09-30
2497,529,55,4,2025-11-22
2498,51,112,2,2026-03-10
2499,720,196,3,2026-02-18
2500,227,189,2,2026-07-11
2501,412,140,5,2025-10-09
2502,294,105,2,2025-12-30
2503,538,101,1,2025-10-25
2504,355,175,1,2026-03-25
2505,590,24,4,2025-11-03
2506,320,124,3,2025-10-05
2507,967,117,1,2026-05-30
2508,135,136,2,2026-03-26
2509,366,161,3,2026-08-11
2510,495,170,5,2026-07-26
2511,810,196,4,2026-07-19
2512,281,85,4,2026-07-22
2513,796,9,3,2026-03-29
2514,168,35,2,2025-10-13
2515,509,48,3,2026-02-28
2516,730,154,5,2025-11-21
2517,3,177,4,2026-01-30
2518,264,14,2,2025-09-09
2519,186,49,1,2026-08-07
2520,387,129,4,2025-10-03
2521,694,150,5,2025-09-14
2522,552,84,5,2026-03-14
2523,331,15,5,2026-03-05
2524,972,103,4,2025-11-26
2525,980,121,1,2025-12-22
2526,862,89,4,2025-12-17
2527,2,4,5,2026-07-27
2528,593,7,3,2026-07-13
2529,623,88,3,2025-09-25
2530,2,176,2,2026-07-10
2531,55,176,5,2026-01-20
2532,881,92,5,2026-01-31
2533,252,64,5,2026-08-16
2534,794,101,4,2025-11-16
2535,147,4,3,2026-02-13
2536,936,129,4,2026-01-30
2537,77,50,3,2026-07-07
2538,478,13,4,2025-10-09
2539,699,142,3,2026-08-12
2540,745,144,3,2025-11-28
2541,302,108,3,2026-02-25
2542,514,47,3,2025-12-13
2543,918,103,3,2026-05-03
2544,182,33,5,2025-11-13
2545,877,102,1,2025-12-31
2546,828,63,5,2026-04-03
2547,517,22,2,2026-08-18
2548,460,50,3,2026-07-24
2549,524,73,1,2026-04-24
2550,293,73,3,2025-08-31
2551,386,161,1,2026-07-25
2552,159,176,3,2025-09-05
2553,484,57,1,2026-06-06
2554,664,93,3,2026-08-09
2555,375,159,5,2025-12-06
2556,689,21,2,2025-10-24
2557,95,11,3,2026-01-13
2558,641,32,2,2025-11-15
2559,556,141,4,2025-11-15
2560,299,48,3,2026-02-17
2561,317,62,3,2025-10-22
2562,498,164,3,2026-03-24
2563,274,188,1,2026-07-30
2564,353,9,4,2025-08-30
2565,803,47,3,2026-05-16
2566,285,119,3,2025-09-17
2567,63,18,3,2026-02-02
2568,776,67,1,2025-09-02
2569,885,106,5,2026-02-01
2570,270,119,1,2025-11-14
2571,771,165,5,2025-10-31
2572,845,75,3,2026-02-21
2573,828,11,2,2025-12-31
2574,283,79,1,2026-04-18
2575,46,77,2,2025-11-17
2576,231,163,1,2026-06-18
2577,566,147,4,2026-07-23
2578,823,38,4,2026-06-01
2579,996,37,1,2026-08-16
2580,670,4,5,2025-09-17
2581,885,118,4,2026-07-10
2582,309,193,2,2025-10-18
2583,539,170,1,2026-05-07
2584,230,144,3,2026-01-13
2585,470,179,1,2026-07-12
2586,344,120,5,2026-05-13
2587,718,113,3,2026-01-06
2588,233,13,2,2026-06-23
2589,145,22,2,2026-03-10
2590,779,5,1,2026-02-12
2591,384,110,5,2026-03-10
2592,570,104,5,2026-06-04
2593,642,168,3,2025-09-21
2594,512,119,1,2025-11-11
2595,1,80,2,2025-12-07
2596,722,185,2,2026-05-25
2597,292,96,3,2026-01-18
2598,327,161,4,2026-06-05
2599,674,164,3,2026-01-17
2600,522,95,1,2025-11-23
2601,703,137,3,2026-01-02
2602,517,197,3,2026-06-08
2603,65,96,2,2025-12-14
2604,907,17,3,2025-09-30
2605,344,117,3,2026-06-08
2606,922,148,1,2025-10-19
2607,715,104,4,2025-09-16
2608,839,135,1,2026-07-01
2609,475,170,3,2026-04-23
2610,617,2,1,2026-01-16
2611,916,196,3,2025-12-08
2612,151,162,1,2026-06-14
2613,617,124,5,2025-10-30
2614,618,163,2,2025-11-28
2615,450,3,3,2026-08-01
2616,159,197,2,2026-02-05
2617,116,111,3,2026-04-20
2618,235,70,5,2025-11-26
2619,771,44,2,2026-06-02
2620,360,141,1,2026-02-21
2621,306,96,5,2026-05-21
2622,891,163,1,2025-10-01
2623,394,75,5,2025-09-25
2624,598,128,2,2026-01-15
2625,573,128,2,2025-09-16
2626,559,144,4,2026-07-01
2627,124,187,2,2026-07-28
2628,766,198,5,2026-08-19
2629,841,39,5,2025-12-31
2630,795,36,5,2026-01-01
2631,927,172,5,2026-05-30
2632,411,117,4,2025-12-29
2633,449,98,5,2026-02-23
2634,780,118,4,2026-06-30
2635,374,72,5,2026-04-23
2636,58,125,4,2026-01-12
2637,793,116,3,2025-12-28
2638,440,166,5,2026-02-23
2639,851,179,3,2026-02-27
2640,243,8,5,2026-01-04
2641,989,25,5,2026-06-15
2642,199,5,1,2026-07-19
2643,198,180,2,2025-11-27
2644,711,93,1,2026-02-20
2645,154,3,5,2025-11-26
2646,558,103,1,2026-08-17
2647,61,177,3,2025-09-16
2648,654,85,2,2025-09-18
2649,406,110,3,2026-04-25
2650,661,186,5,2026-03-28
2651,415,123,1,2026-01-10
2652,279,136,2,2025-11-09
2653,42,66,1,2026-06-28
2654,714,167,1,2026-05-11
2655,725,82,5,2026-01-14
2656,47,118,5,2026-04-13
2657,406,78,5,2026-03-05
2658,875,132,5,2025-10-14
2659,329,100,2,2026-08-18
2660,623,23,1,2025-09-08
2661,265,192,1,2025-11-21
2662,874,182,3,2026-05-14
2663,711,163,1,2026-06-15
2664,297,132,5,2026-05-26
2665,364,129,1,2025-09-16
2666,623,136,2,2026-01-15
2667,331,146,1,2026-04-01
2668,859,171,1,2025-11-19
2669,115,137,5,2025-12-27
2670,424,154,3,2025-10-05
2671,449,78,3,2026-08-23
2672,682,67,4,2025-08-31
2673,775,120,4,2025-10-21
2674,453,133,3,2025-12-29
2675,74,42,4,2025-10-02
2676,777,193,5,2026-06-17
2677,823,104,4,2026-07-25
2678,170,23,2,2025-11-10
2679,587,18,1,2026-06-25
2680,221,174,1,2025-12-01
2681,176,56,2,2025-11-21
2682,94,122,3,2026-05-19
2683,1000,169,4,2026-02-12
2684,471,113,1,2026-03-26
2685,29,9,4,2026-03-20
2686,188,55,3,2026-07-14
2687,641,177,3,2026-02-25
2688,349,152,4,2025-10-03
2689,389,169,1,2026-07-15
2690,157,36,1,2025-10-15
2691,759,81,2,2025-08-28
2692,57,2,5,2025-09-12
2693,138,187,3,2025-08-31
2694,552,175,1,2026-08-22
2695,915,50,2,2025-09-15
2696,927,44,3,2025-08-25
2697,638,160,1,2025-08-29
2698,778,118,1,2026-03-18
2699,655,76,1,2025-11-15
2700,123,172,5,2025-08-25
2701,15,148,5,2026-03-05
2702,684,14,1,2026-04-17
2703,238,72,2,2026-07-26
2704,305,145,2,2026-05-18
2705,441,183,4,2026-04-28
2706,7,88,3,2025-10-11
2707,881,33,2,2025-09-21
2708,679,44,2,2025-09-27
2709,793,27,4,2026-01-08
2710,622,194,1,2026-01-03
2711,35,167,3,2025-12-07
2712,536,114,4,2025-09-02
2713,308,173,1,2025-08-28
2714,478,29,4,2026-05-28
2715,962,115,4,2025-10-16
2716,566,86,4,2026-04-19
2717,758,99,2,2026-05-10
2718,148,51,5,2026-08-22
2719,3,113,5,2026-04-20
2720,796,31,5,2025-12-29
2721,997,45,2,2026-06-16
2722,851,179,1,2026-07-03
2723,561,70,2,2026-04-05
2724,463,14,4,2025-09-17
2725,828,42,4,2025-12-29
2726,132,83,4,2025-12-31
2727,887,34,3,2025-09-26
2728,804,8,5,2026-04-14
2729,851,125,3,2025-11-17
2730,324,161,1,2026-07-27
2731,351,200,1,2025-12-18
2732,551,40,4,2026-07-08
2733,733,106,1,2025-08-23
2734,93,36,1,2026-03-07
2735,351,25,2,2026-05-24
2736,418,135,5,2025-09-19
2737,278,69,5,2026-05-01
2738,563,36,3,2026-01-15
2739,846,12,5,2025-10-23
2740,582,181,3,2026-08-23
2741,407,136,5,2026-04-07
2742,435,16,5,2026-01-31
2743,659,23,5,2026-06-27
2744,90,93,4,2026-06-01
2745,177,16,4,2026-06-10
2746,846,183,2,2025-10-13
2747,28,198,4,2025-11-01
2748,27,34,4,2025-12-23
2749,553,176,2,2026-04-12
2750,685,38,2,2026-03-18
2751,187,14,4,2026-06-20
2752,9,68,1,2025-11-16
2753,818,22,5,2026-06-22
2754,796,78,2,2026-08-22
2755,612,57,1,2026-01-29
2756,762,126,4,2025-11-05
2757,950,52,4,2026-04-11
2758,596,87,4,2025-10-04
2759,450,58,3,2026-01-13
2760,170,137,1,2025-10-02
2761,862,133,1,2025-12-21
2762,933,110,3,2026-01-21
2763,741,194,4,2026-03-28
2764,795,15,1,2025-11-03
2765,675,193,4,2025-09-19
2766,236,74,5,2026-05-25
2767,792,128,4,2025-10-11
2768,715,151,5,2025-12-08
2769,622,120,3,2026-08-07
2770,224,3,4,2025-11-04
2771,381,9,5,2025-09-01
2772,39,39,4,2025-08-28
2773,835,155,2,2025-10-14
2774,674,188,4,2025-10-04
2775,574,162,1,2026-01-14
2776,268,200,1,2025-11-27
2777,954,160,2,2026-04-22
2778,36,110,4,2026-04-22
2779,360,77,4,2025-10-01
2780,137,40,3,2026-04-25
2781,493,4,5,2026-08-16
2782,647,200,3,2025-12-29
2783,374,27,3,2026-06-08
2784,363,87,4,2026-05-24
2785,788,182,4,2025-10-27
2786,327,168,5,2026-05-03
2787,248,27,2,2026-03-22
2788,636,125,2,2026-01-03
2789,779,79,1,2026-07-16
2790,881,24,1,2025-09-20
2791,723,110,1,2025-11-30
2792,193,136,2,2025-12-18
2793,785,107,5,2025-11-06
2794,976,177,2,2026-08-12
2795,969,93,2,2025-09-30
2796,781,52,2,2026-04-03
2797,588,20,4,2025-08-26
2798,246,181,2,2025-09-09
2799,5,162,5,2025-10-30
2800,291,98,5,2025-12-19
2801,92,169,3,2025-10-09
2802,767,174,2,2026-04-17
2803,183,169,1,2026-05-26
2804,369,87,1,2026-03-04
2805,825,73,5,2026-05-05
2806,701,94,4,2026-02-07
2807,824,180,2,2026-05-16
2808,954,116,1,2026-06-27
2809,872,32,1,2026-01-02
2810,303,65,2,2025-09-04
2811,669,92,1,2025-12-02
2812,268,39,1,2026-01-15
2813,378,27,4,2026-05-05
2814,879,162,1,2026-03-27
2815,348,15,1,2026-07-20
2816,597,34,1,2026-03-02
2817,153,149,2,2026-08-10
2818,207,11,1,2025-10-12
2819,16,14,4,2026-06-01
2820,698,133,5,2025-11-01
2821,859,139,2,2025-08-24
2822,222,136,1,2026-04-07
2823,526,69,3,2026-03-08
2824,138,161,3,2025-09-21
2825,37,124,3,2025-12-13
2826,370,183,4,2025-09-22
2827,917,138,5,2026-05-29
2828,937,55,1,2026-01-02
2829,712,113,5,2026-05-19
2830,10,18,4,2026-07-05
2831,425,190,5,2026-03-31
2832,956,179,3,2026-01-02
2833,872,178,1,2026-06-27
2834,208,91,1,2026-03-14
2835,28,20,3,2026-03-28
2836,785,123,4,2025-09-02
2837,283,23,1,2026-06-11
2838,876,6,5,2026-06-05
2839,73,59,2,2026-01-29
2840,713,51,5,2025-10-15
2841,128,145,5,2026-06-02
2842,489,102,2,2026-04-02
2843,370,2,2,2026-05-24
2844,427,96,1,2026-06-04
2845,494,27,4,2026-06-07
2846,757,124,5,2025-12-23
2847,493,190,4,2025-10-06
2848,81,79,3,2026-01-19
2849,222,127,3,2025-10-29
2850,107,45,4,2025-11-08
2851,380,41,3,2026-01-27
2852,830,9,1,2026-03-29
2853,823,10,3,2026-02-24
2854,47,151,5,2026-04-04
2855,299,194,4,2026-01-04
2856,316,19,4,2025-11-06
2857,733,181,2,2025-10-30
2858,184,83,3,2026-04-06
2859,437,25,5,2025-09-18
2860,242,107,1,2026-07-29
2861,369,147,3,2026-04-07
2862,322,118,5,2025-10-27
2863,377,189,4,2025-09-11
2864,754,188,2,2025-12-06
2865,379,78,3,2026-08-11
2866,12,122,1,2026-05-25
2867,826,140,1,2026-01-22
2868,140,125,4,2026-01-24
2869,338,18,3,2026-01-28
2870,563,124,4,2025-12-10
2871,370,183,3,2026-01-09
2872,641,21,1,2026-05-07
2873,1,18,4,2025-10-10
2874,501,182,1,2026-08-15
2875,883,180,5,2026-06-22
2876,720,88,3,2026-05-25
2877,581,199,4,2026-05-08
2878,269,129,3,2025-09-07
2879,235,96,1,2026-07-11
2880,296,2,3,2026-04-20
2881,185,11,4,2026-01-04
2882,25,191,5,2025-10-01
2883,956,178,4,2025-10-03
2884,12,51,2,2026-01-15
2885,512,199,3,2026-08-19
2886,443,10,5,2026-02-20
2887,956,23,4,2025-08-23
2888,625,125,1,2026-06-29
2889,387,133,1,2026-05-22
2890,150,199,4,2026-02-15
2891,287,118,4,2025-10-22
2892,233,133,4,2026-04-14
2893,779,32,1,2025-08-24
2894,640,119,3,2026-01-30
2895,941,182,5,2026-02-28
2896,232,122,2,2026-02-05
2897,62,181,3,2025-11-29
2898,651,44,2,2026-02-26
2899,917,37,3,2026-05-07
2900,597,49,3,2026-02-15
2901,264,46,4,2026-08-01
2902,889,169,4,2026-03-10
2903,435,73,4,2026-08-02
2904,39,185,5,2025-09-10
2905,136,101,2,2026-03-20
2906,664,56,2,2026-04-23
2907,933,7,3,2026-02-17
2908,937,128,3,2025-09-09
2909,670,170,4,2026-01-28
2910,303,71,4,2025-12-12
2911,740,111,4,2025-09-13
2912,108,36,2,2025-11-30
2913,935,16,4,2026-04-04
2914,788,84,4,2026-01-15
2915,387,24,4,2026-08-03
2916,48,131,3,2026-06-13
2917,538,110,3,2026-05-05
2918,450,147,2,2025-12-26
2919,709,150,1,2025-10-20
2920,71,181,2,2025-08-31
2921,115,17,4,2025-10-10
2922,404,34,5,2026-08-04
2923,50,102,3,2026-04-29
2924,712,58,2,2025-11-20
2925,633,52,5,2026-08-06
2926,242,68,2,2026-06-06
2927,605,139,5,2026-03-26
2928,786,30,5,2026-07-16
2929,273,199,2,2025-11-01
2930,48,156,3,2025-08-24
2931,346,6,4,2025-11-24
2932,545,33,2,2026-03-15
2933,996,180,4,2025-11-03
2934,479,171,5,2026-02-15
2935,778,42,1,2026-03-03
2936,391,17,2,2026-03-27
2937,461,26,1,2026-01-12
2938,389,53,4,2025-08-30
2939,314,72,5,2026-07-19
2940,990,86,2,2025-09-12
2941,398,142,3,2026-06-23
2942,852,81,3,2026-07-01
2943,863,39,5,2025-12-02
2944,460,137,1,2026-02-06
2945,387,40,3,2026-02-20
2946,930,85,5,2026-04-07
2947,937,2,1,2026-04-29
2948,555,57,5,2026-06-20
2949,743,100,3,2025-10-25
2950,240,6,2,2025-12-22
2951,384,78,4,2025-09-16
2952,200,70,5,2026-02-18
2953,21,181,5,2026-08-18
2954,49,169,2,2026-04-07
2955,207,82,2,2026-04-22
2956,223,161,4,2026-05-01
2957,435,144,4,2026-03-28
2958,4,30,5,2025-12-12
2959,262,134,2,2026-07-12
2960,916,174,1,2025-11-28
2961,431,125,1,2025-11-17
2962,72,193,5,2026-07-22
2963,640,198,3,2026-05-21
2964,749,14,5,2026-06-22
2965,734,75,1,2025-12-15
2966,901,5,4,2025-11-08
2967,399,95,3,2025-12-13
2968,75,160,4,2026-03-28
2969,396,128,5,2025-09-30
2970,405,10,2,2026-01-11
2971,835,66,2,2026-04-05
2972,801,175,3,2026-06-11
2973,591,22,2,2026-02-05
2974,517,157,4,2026-07-14
2975,232,95,5,2026-02-20
2976,260,80,5,2026-08-20
2977,292,143,2,2026-01-31
2978,851,165,2,2025-11-25
2979,994,192,3,2026-02-26
2980,107,6,4,2026-03-06
2981,830,38,1,2026-06-28
2982,114,13,3,2025-11-23
2983,884,97,1,2026-07-16
2984,213,190,1,2026-03-29
2985,936,137,4,2026-08-05
2986,638,148,4,2025-11-05
2987,988,143,2,2026-03-05
2988,702,95,4,2026-03-06
2989,287,125,1,2026-01-02
2990,174,53,5,2026-01-01
2991,575,55,1,2026-01-16
2992,619,167,2,2026-06-15
2993,55,88,3,2026-03-18
2994,651,154,3,2026-04-19
2995,325,88,2,2026-03-21
2996,680,13,3,2026-02-28
2997,276,6,3,2025-11-04
2998,657,22,1,2026-02-12
2999,902,127,1,2025-08-24
3000,898,34,5,2026-01-28
3001,726,95,1,2026-01-09
3002,532,142,3,2026-04-20
3003,718,10,2,2026-02-02
3004,195,189,3,2026-01-11
3005,829,2,2,2025-11-15
3006,803,163,3,2026-06-27
3007,962,28,1,2025-11-16
3008,203,180,4,2026-06-12
3009,324,176,5,2025-10-10
3010,184,175,4,2026-02-28
3011,846,143,5,2026-07-12
3012,947,196,5,2026-06-25
3013,153,176,3,2026-06-04
3014,784,72,5,2026-04-16
3015,1,14,1,2025-09-23
3016,417,156,3,2025-11-05
3017,754,12,1,2025-11-28
3018,311,74,5,2025-08-29
3019,179,90,1,2026-05-29
3020,618,164,5,2026-05-11
3021,215,142,2,2026-05-06
3022,524,141,3,2026-03-11
3023,578,66,1,2025-12-27
3024,462,119,4,2026-08-15
3025,55,17,4,2026-07-28
3026,591,103,2,2026-01-19
3027,47,122,5,2026-02-03
3028,169,26,3,2026-08-16
3029,722,15,4,2025-12-01
3030,646,185,3,2026-07-07
3031,167,96,3,2025-12-30
3032,931,97,3,2026-05-06
3033,131,183,5,2025-12-21
3034,65,57,1,2026-02-17
3035,558,77,4,2025-12-19
3036,867,14,1,2025-11-24
3037,520,136,4,2026-08-22
3038,634,25,3,2026-08-15
3039,365,40,5,2026-06-23
3040,945,125,1,2025-08-28
3041,587,177,5,2026-08-03
3042,820,191,4,2025-11-26
3043,706,150,2,2026-03-30
3044,217,110,1,2026-08-21
3045,759,186,3,2026-06-03
3046,45,61,2,2025-12-09
3047,671,32,5,2025-09-07
3048,263,144,5,2026-05-17
3049,367,127,5,2026-06-11
3050,877,168,3,2026-02-04
3051,715,14,3,2025-10-30
3052,626,191,1,2025-09-19
3053,666,75,3,2026-01-25
3054,451,13,1,2026-05-16
3055,846,120,1,2025-09-04
3056,638,48,3,2026-01-28
3057,349,51,4,2025-09-18
3058,320,2,4,2026-06-15
3059,380,199,1,2026-07-10
3060,403,174,1,2026-01-05
3061,299,91,5,2026-01-17
3062,619,159,4,2025-11-07
3063,748,57,5,2025-12-03
3064,391,107,5,2026-05-23
3065,370,118,4,2026-08-07
3066,354,184,1,2025-11-17
3067,698,94,2,2026-05-25
3068,573,118,4,2025-10-04
3069,704,90,5,2026-05-08
3070,663,134,2,2026-07-18
3071,447,198,3,2025-12-03
3072,757,178,4,2026-02-11
3073,625,48,3,2026-05-04
3074,112,131,3,2025-08-25
3075,815,195,5,2026-07-25
3076,779,155,2,2025-10-20
3077,790,125,2,2026-06-10
3078,635,136,3,2025-09-03
3079,925,195,3,2026-01-28
3080,32,135,4,2025-09-18
3081,394,128,3,2026-03-08
3082,795,86,3,2025-10-02
3083,723,189,2,2026-03-20
3084,125,131,4,2026-06-06
3085,671,28,4,2026-03-09
3086,308,25,2,2025-11-06
3087,845,117,4,2025-12-31
3088,563,13,5,2026-05-22
3089,2,24,4,2025-12-22
3090,723,55,4,2025-12-12
3091,775,108,3,2026-01-31
3092,462,127,2,2026-06-18
3093,152,7,5,2026-07-08
3094,523,130,4,2026-08-13
3095,659,105,1,2026-07-28
3096,488,183,5,2025-12-28
3097,353,175,5,2026-02-17
3098,557,157,5,2026-04-15
3099,964,191,1,2026-04-17
3100,259,169,5,2026-04-10
3101,428,163,4,2026-01-26
3102,580,24,4,2026-04-20
3103,252,175,3,2026-02-12
3104,10,47,1,2026-07-11
3105,930,137,1,2026-08-04
3106,435,142,4,2026-04-17
3107,519,105,3,2025-08-30
3108,45,34,4,2025-12-17
3109,390,35,5,2026-08-18
3110,822,85,1,2026-07-29
3111,753,41,1,2026-03-08
3112,192,38,3,2025-09-05
3113,251,18,4,2026-04-04
3114,62,32,4,2026-02-21
3115,355,101,2,2025-11-15
3116,620,37,2,2026-05-10
3117,7,173,2,2025-11-25
3118,688,38,4,2025-09-15
3119,76,40,2,2026-03-09
3120,336,52,5,2026-07-25
3121,542,52,2,2026-05-06
3122,47,122,1,2026-08-21
3123,789,7,2,2025-10-21
3124,393,163,3,2026-02-08
3125,382,193,3,2026-07-09
3126,299,84,1,2026-08-07
3127,994,132,3,2025-09-27
3128,910,58,5,2026-01-31
3129,941,16,1,2026-07-19
3130,709,149,4,2025-10-14
3131,711,85,3,2026-05-07
3132,400,101,4,2026-07-20
3133,589,67,5,2025-09-26
3134,404,107,5,2026-05-05
3135,675,135,1,2026-08-20
3136,874,91,3,2026-02-08
3137,200,47,2,2026-06-01
3138,424,36,1,2025-09-14
3139,287,140,2,2026-03-18
3140,77,144,1,2026-02-02
3141,465,19,5,2025-10-08
3142,333,166,4,2025-09-19
3143,352,164,2,2025-10-28
3144,516,183,2,2025-11-09
3145,890,76,2,2026-01-21
3146,743,146,4,2026-03-20
3147,420,124,3,2026-07-05
3148,248,115,2,2026-06-05
3149,644,32,1,2026-02-27
3150,298,36,1,2025-12-26
3151,740,197,4,2026-01-23
3152,375,107,3,2026-03-08
3153,851,194,3,2026-04-04
3154,137,172,3,2026-03-24
3155,457,37,1,2026-07-03
3156,109,122,5,2026-08-18
3157,114,30,5,2025-10-26
3158,125,131,5,2026-08-19
3159,714,29,4,2026-02-14
3160,205,157,4,2026-06-12
3161,64,32,2,2025-11-12
3162,703,95,2,2026-04-20
3163,50,139,2,2025-09-27
3164,425,159,3,2026-07-20
3165,571,164,2,2026-02-01
3166,821,154,5,2026-04-04
3167,632,118,2,2026-01-16
3168,239,58,1,2026-07-01
3169,87,145,4,2026-02-24
3170,644,14,4,2026-07-20
3171,897,154,5,2026-06-08
3172,243,23,4,2026-03-22
3173,879,64,3,2026-07-18
3174,86,74,3,2025-11-24
3175,465,76,5,2025-10-30
3176,88,143,4,2025-12-28
3177,664,87,1,2025-11-05
3178,438,97,2,2025-09-09
3179,233,161,5,2025-10-27
3180,271,167,2,2026-02-27
3181,46,162,4,2025-11-19
3182,289,90,1,2026-03-15
3183,744,137,4,2026-07-17
3184,391,29,5,2026-08-12
3185,236,126,5,2025-12-08
3186,679,82,2,2026-06-03
3187,656,25,2,2026-02-19
3188,505,34,4,2026-07-12
3189,246,126,1,2026-02-09
3190,879,32,1,2026-05-09
3191,886,186,3,2026-03-19
3192,38,31,4,2026-02-23
3193,215,90,4,2026-03-25
3194,657,193,5,2025-12-05
3195,477,117,5,2026-06-26
3196,932,142,3,2026-02-24
3197,275,122,3,2026-02-03
3198,669,29,1,2026-02-02
3199,225,138,5,2025-11-04
3200,571,131,3,2026-05-12
3201,6,104,2,2026-02-19
3202,383,134,1,2026-07-13
3203,2,52,1,2026-04-09
3204,49,22,4,2025-10-05
3205,420,111,2,2026-06-05
3206,507,123,5,2025-09-21
3207,466,145,3,2025-09-19
3208,822,92,4,2026-01-08
3209,632,14,3,2026-05-22
3210,680,94,1,2026-04-24
3211,347,83,4,2026-05-25
3212,30,136,5,2026-02-26
3213,756,57,1,2025-08-31
3214,634,171,3,2026-01-10
3215,667,64,3,2026-05-31
3216,636,197,3,2026-01-13
3217,223,49,3,2025-12-17
3218,313,1,1,2025-10-12
3219,72,50,5,2025-09-22
3220,857,34,2,2026-01-05
3221,495,111,4,2026-03-27
3222,675,116,4,2025-12-16
3223,917,160,5,2026-06-01
3224,285,32,3,2026-08-05
3225,40,115,2,2025-12-10
3226,870,30,2,2025-11-03
3227,266,16,5,2026-01-09
3228,825,82,4,2026-04-14
3229,882,95,2,2026-03-04
3230,25,16,3,2025-10-09
3231,821,23,4,2026-05-28
3232,608,3,3,2025-12-26
3233,190,82,5,2025-12-12
3234,604,49,1,2026-02-27
3235,983,17,5,2026-05-10
3236,513,92,1,2026-01-25
3237,661,107,2,2025-09-19
3238,217,113,3,2026-02-19
3239,595,147,4,2026-07-24
3240,401,79,5,2026-05-20
3241,423,25,3,2026-07-25
3242,678,88,1,2025-10-10
3243,294,14,4,2026-01-24
3244,259,14,3,2025-11-23
3245,243,24,2,2026-05-25
3246,47,162,1,2026-08-03
3247,221,104,1,2026-05-11
3248,360,190,3,2026-04-08
3249,94,45,5,2026-08-12
3250,990,18,4,2026-06-29
3251,564,41,3,2026-06-29
3252,428,99,5,2026-01-01
3253,706,21,3,2026-04-12
3254,903,168,5,2026-08-18
3255,877,110,3,2026-02-24
3256,167,2,3,2026-02-12
3257,119,199,4,2026-06-06
3258,63,81,3,2026-05-08
3259,81,24,5,2025-11-27
3260,872,98,3,2026-02-21
3261,15,192,3,2026-03-10
3262,142,6,3,2025-12-25
3263,774,17,5,2025-11-30
3264,862,147,1,2025-10-23
3265,654,72,4,2026-02-18
3266,489,189,1,2026-06-19
3267,864,54,2,2026-02-18
3268,560,29,5,2026-02-06
3269,315,118,2,2026-05-07
3270,390,182,2,2026-05-06
3271,984,71,4,2026-07-13
3272,752,20,1,2026-08-14
3273,188,133,1,2025-10-27
3274,384,44,5,2026-04-26
3275,579,60,2,2025-08-28
3276,720,94,2,2026-08-20
3277,297,23,4,2025-12-18
3278,485,161,4,2026-01-15
3279,130,124,5,2026-03-04
3280,668,197,1,2025-09-01
3281,252,156,1,2026-08-21
3282,458,8,1,2025-09-07
3283,33,73,3,2026-05-09
3284,661,132,2,2025-12-08
3285,416,100,5,2025-10-27
3286,773,28,4,2026-05-25
3287,6,77,4,2025-11-05
3288,181,73,2,2025-08-24
3289,678,41,4,2026-04-18
3290,119,88,2,2026-07-03
3291,152,61,2,2025-12-08
3292,251,156,1,2026-05-05
3293,649,179,5,2025-09-20
3294,564,170,1,2026-08-06
3295,422,143,4,2026-01-26
3296,844,190,1,2025-11-27
3297,397,73,2,2026-05-15
3298,933,161,5,2025-09-05
3299,47,73,4,2026-02-14
3300,290,132,3,2025-12-29
3301,524,19,2,2026-03-16
3302,194,156,1,2026-06-03
3303,279,186,5,2026-02-28
3304,40,97,5,2025-09-27
3305,192,146,4,2026-06-21
3306,67,184,2,2025-09-06
3307,692,146,3,2025-11-06
3308,576,52,1,2026-04-01
3309,541,129,5,2026-04-30
3310,887,31,3,2026-01-13
3311,471,29,4,2025-12-27
3312,735,1,4,2026-06-27
3313,251,3,4,2025-09-03
3314,522,12,3,2025-10-27
3315,798,73,5,2025-11-14
3316,186,19,5,2026-03-11
3317,217,74,2,2026-06-14
3318,257,43,4,2026-03-25
3319,785,30,4,2026-05-17
3320,402,141,1,2026-03-30
3321,309,15,5,2026-05-19
3322,815,68,3,2026-06-26
3323,13,68,5,2025-12-03
3324,283,193,2,2025-10-17
3325,704,185,3,2026-05-23
3326,685,99,4,2026-07-12
3327,530,37,5,2025-10-05
3328,594,72,1,2025-11-11
3329,777,133,3,2026-07-23
3330,684,64,3,2025-11-07
3331,929,115,5,2025-12-22
3332,837,146,5,2026-01-26
3333,931,45,2,2025-10-05
3334,917,199,1,2026-07-18
3335,467,159,5,2026-03-03
3336,104,117,5,2026-06-04
3337,755,84,4,2025-12-26
3338,239,23,5,2025-09-02
3339,389,181,4,2026-03-17
3340,827,4,3,2025-10-29
3341,887,9,3,2026-08-07
3342,152,93,2,2026-04-24
3343,975,193,2,2026-01-15
3344,494,151,5,2026-06-27
3345,439,77,3,2026-01-08
3346,379,143,5,2026-01-23
3347,9,76,3,2025-09-15
3348,33,29,4,2026-08-22
3349,850,67,1,2026-05-13
3350,964,136,4,2025-10-30
3351,387,180,3,2026-05-23
3352,671,162,2,2026-05-02
3353,223,36,1,2025-09-06
3354,85,146,2,2026-04-26
3355,903,37,5,2026-02-19
3356,549,43,3,2025-12-30
3357,426,46,2,2026-07-11
3358,643,132,4,2025-12-20
3359,706,53,1,2026-03-15
3360,475,53,5,2026-02-25
3361,108,91,3,2026-06-14
3362,233,182,5,2025-10-09
3363,770,76,1,2026-07-29
3364,107,27,5,2026-02-12
3365,411,154,5,2026-06-18
3366,405,79,5,2026-05-19
3367,63,48,4,2026-02-06
3368,611,58,4,2025-09-18
3369,385,183,1,2026-08-07
3370,577,119,5,2026-02-04
3371,470,15,3,2026-07-21
3372,748,90,3,2026-01-11
3373,216,42,4,2026-05-29
3374,263,9,1,2026-02-13
3375,974,64,3,2025-08-24
3376,305,55,3,2025-10-13
3377,856,161,2,2026-03-08
3378,817,1,1,2026-05-04
3379,332,154,5,2025-12-05
3380,22,193,4,2026-05-05
3381,442,158,3,2026-04-27
3382,825,66,4,2025-10-03
3383,578,50,2,2025-12-06
3384,853,118,4,2026-03-15
3385,927,187,1,2026-01-05
3386,697,62,2,2026-06-18
3387,55,121,2,2026-03-03
3388,566,153,1,2026-05-01
3389,889,174,5,2026-03-10
3390,738,139,1,2026-07-11
3391,837,92,1,2026-03-13
3392,288,138,3,2025-09-13
3393,104,175,3,2026-08-16
3394,78,17,4,2026-04-06
3395,268,116,2,2025-11-27
3396,312,19,3,2026-05-05
3397,715,48,5,2026-06-09
3398,474,15,1,2025-10-20
3399,648,196,5,2025-12-16
3400,624,66,1,2025-12-27
3401,530,2,4,2026-05-27
3402,991,38,5,2026-03-03
3403,692,133,2,2026-03-20
3404,390,88,1,2025-10-16
3405,8,42,1,2025-12-06
3406,50,3,5,2026-03-31
3407,483,15,4,2025-10-13
3408,791,2,2,2026-07-16
3409,526,186,4,2026-02-11
3410,348,39,4,2025-12-14
3411,799,52,3,2026-07-14
3412,967,164,2,2026-05-15
3413,836,160,4,2026-05-08
3414,829,3,5,2026-02-10
3415,30,4,2,2026-02-22
3416,530,2,4,2026-03-05
3417,683,92,4,2026-08-01
3418,376,72,4,2025-10-23
3419,564,85,2,2026-07-15
3420,205,5,1,2026-06-16
3421,84,183,5,2026-08-09
3422,568,125,4,2026-01-15
3423,674,71,3,2026-07-16
3424,929,177,3,2026-03-21
3425,875,193,1,2026-02-15
3426,522,131,3,2026-05-21
3427,745,190,2,2026-03-03
3428,196,54,1,2026-08-19
3429,733,156,3,2026-04-14
3430,932,94,4,2025-12-26
3431,906,57,4,2025-10-21
3432,645,194,4,2025-11-20
3433,89,117,5,2026-05-08
3434,86,176,1,2026-04-11
3435,995,186,4,2025-08-23
3436,459,22,2,2026-05-14
3437,42,120,3,2025-09-11
3438,939,129,2,2026-04-18
3439,66,189,4,2026-02-05
3440,450,168,5,2026-07-06
3441,697,14,2,2026-03-05
3442,289,133,1,2026-06-26
3443,840,53,2,2026-06-19
3444,639,151,5,2026-03-25
3445,897,57,4,2026-05-16
3446,331,187,4,2025-11-29
3447,100,74,3,2026-08-03
3448,832,86,2,2025-10-19
3449,600,128,2,2025-10-18
3450,679,1,5,2025-11-16
3451,859,79,1,2026-05-03
3452,332,159,5,2025-12-07
3453,509,21,4,2026-03-20
3454,309,29,2,2026-06-12
3455,397,71,2,2025-10-23
3456,202,107,1,2025-10-06
3457,893,78,1,2026-06-30
3458,247,102,3,2026-06-17
3459,641,178,5,2026-01-26
3460,513,13,5,2025-08-26
3461,498,75,3,2025-11-13
3462,176,146,4,2025-11-20
3463,96,96,3,2026-04-01
3464,745,52,5,2026-08-15
3465,536,83,3,2025-11-28
3466,311,174,3,2026-05-11
3467,332,105,2,2025-09-09
3468,286,34,3,2026-02-07
3469,212,103,5,2026-02-24
3470,538,74,4,2026-04-20
3471,462,117,2,2026-02-04
3472,9,27,5,2026-07-21
3473,90,144,5,2026-01-06
3474,190,18,5,2025-09-02
3475,259,24,4,2026-06-14
3476,300,104,5,2026-05-04
3477,796,139,2,2026-05-18
3478,735,196,5,2026-08-09
3479,834,2,4,2025-09-13
3480,274,176,3,2026-08-06
3481,85,83,1,2026-06-29
3482,44,112,1,2025-10-01
3483,634,40,4,2026-06-22
3484,201,72,4,2026-07-21
3485,140,115,1,2026-06-15
3486,249,167,3,2025-11-18
3487,713,22,4,2026-01-21
3488,545,191,5,2026-04-20
3489,176,11,3,2026-02-11
3490,586,143,2,2026-08-03
3491,730,158,1,2025-10-11
3492,972,53,4,2026-08-17
3493,701,169,2,2025-11-30
3494,579,5,1,2026-07-30
3495,108,17,5,2025-10-02
3496,352,38,2,2026-01-15
3497,839,66,3,2025-11-15
3498,420,84,5,2026-04-26
3499,547,43,3,2025-12-21
3500,656,19,4,2025-11-15
3501,196,33,4,2025-10-19
3502,464,184,1,2026-04-27
3503,224,108,2,2026-01-17
3504,301,126,2,2026-02-11
3505,238,171,1,2026-05-11
3506,252,4,2,2026-05-29
3507,213,181,1,2025-09-28
3508,70,18,3,2026-07-16
3509,856,99,1,2026-05-21
3510,664,104,2,2025-12-13
3511,340,164,5,2026-03-25
3512,214,184,5,2026-01-08
3513,116,35,5,2026-06-22
3514,960,24,3,2026-06-28
3515,237,39,5,2026-04-03
3516,861,122,5,2026-04-16
3517,492,52,2,2026-02-07
3518,794,120,3,2026-02-09
3519,877,195,3,2025-10-27
3520,410,179,4,2026-03-31
3521,246,172,4,2025-10-03
3522,765,100,2,2025-11-22
3523,177,150,2,2025-09-08
3524,732,78,4,2026-01-22
3525,888,43,1,2026-07-25
3526,547,109,3,2026-03-18
3527,840,181,4,2026-06-09
3528,430,36,2,2026-08-22
3529,934,124,3,2026-03-15
3530,210,50,1,2026-04-12
3531,32,9,2,2026-07-07
3532,542,74,3,2026-08-16
3533,532,94,1,2026-01-05
3534,459,75,2,2026-05-23
3535,532,107,4,2025-11-22
3536,882,134,3,2025-11-09
3537,303,122,5,2025-11-06
3538,950,44,4,2025-09-05
3539,313,109,1,2025-09-28
3540,606,146,2,2026-03-14
3541,522,177,4,2025-11-19
3542,508,43,2,2026-02-26
3543,334,87,2,2026-07-24
3544,173,185,2,2026-01-12
3545,611,114,4,2025-11-08
3546,157,137,3,2026-03-06
3547,678,53,5,2026-06-13
3548,959,165,5,2025-10-12
3549,301,40,5,2026-01-17
3550,251,110,2,2026-08-01
3551,297,52,5,2026-03-07
3552,166,178,3,2026-05-27
3553,752,175,4,2025-10-16
3554,249,29,2,2026-03-31
3555,934,120,1,2025-10-10
3556,899,10,5,2025-08-25
3557,164,123,1,2025-10-30
3558,537,113,1,2026-03-19
3559,177,183,5,2025-11-25
3560,176,158,2,2026-05-23
3561,387,109,1,2026-05-01
3562,303,172,1,2025-10-15
3563,194,96,5,2026-03-28
3564,467,42,1,2025-11-17
3565,943,147,1,2025-09-27
3566,982,7,3,2026-04-26
3567,631,106,2,2025-11-10
3568,637,88,4,2025-12-13
3569,605,91,5,2026-03-08
3570,723,71,1,2026-08-14
3571,804,65,3,2025-10-26
3572,837,160,3,2025-09-29
3573,439,164,2,2025-12-07
3574,570,195,4,2026-04-10
3575,519,49,1,2025-08-23
3576,550,25,4,2026-02-14
3577,258,117,3,2026-05-01
3578,76,156,3,2026-05-28
3579,32,58,2,2026-04-14
3580,921,52,1,2026-02-02
3581,464,32,5,2025-11-18
3582,866,100,4,2025-12-01
3583,23,191,4,2025-08-26
3584,119,173,3,2026-05-01
3585,823,62,1,2025-10-31
3586,553,3,2,2025-10-09
3587,434,10,4,2026-08-09
3588,29,178,1,2026-05-04
3589,843,36,5,2026-06-20
3590,55,161,1,2026-03-08
3591,657,67,2,2025-12-13
3592,966,148,2,2026-07-21
3593,676,98,2,2026-08-06
3594,461,199,1,2026-03-14
3595,872,130,5,2025-12-14
3596,991,40,3,2026-01-05
3597,975,110,5,2026-06-25
3598,955,84,5,2025-09-26
3599,721,178,5,2026-06-09
3600,548,22,1,2026-01-29
3601,716,67,1,2025-12-23
3602,120,76,4,2026-05-21
3603,439,200,2,2026-01-13
3604,732,49,5,2026-01-14
3605,4,95,4,2026-03-09
3606,946,162,2,2025-09-15
3607,678,155,2,2026-06-23
3608,700,117,2,2025-12-23
3609,7,132,3,2026-01-09
3610,131,22,5,2025-10-03
3611,571,164,4,2025-08-30
3612,670,186,2,2026-02-27
3613,394,11,4,2025-11-02
3614,483,37,2,2026-04-14
3615,801,184,2,2026-04-11
3616,428,130,2,2025-10-10
3617,255,107,3,2026-02-25
3618,964,135,4,2026-05-31
3619,965,82,1,2026-01-26
3620,914,120,3,2025-10-10
3621,854,189,1,2025-10-09
3622,946,117,4,2025-10-11
3623,651,78,2,2026-02-11
3624,204,55,3,2025-11-25
3625,413,32,2,2026-08-08
3626,420,24,2,2026-02-24
3627,492,55,1,2026-01-04
3628,913,17,2,2025-12-30
3629,908,33,2,2025-08-30
3630,949,128,4,2026-01-18
3631,920,67,4,2026-07-22
3632,8,158,5,2026-05-09
3633,885,138,3,2026-02-25
3634,315,168,3,2025-09-06
3635,114,98,1,2025-11-02
3636,273,33,4,2025-10-24
3637,439,58,1,2026-05-25
3638,47,52,3,2026-02-09
3639,219,187,4,2025-12-05
3640,349,11,2,2025-09-24
3641,109,91,2,2026-03-12
3642,903,77,3,2026-01-24
3643,64,43,1,2025-09-27
3644,572,74,1,2025-09-30
3645,4,104,4,2026-06-29
3646,175,65,2,2025-09-14
3647,216,153,1,2025-12-15
3648,116,24,5,2026-07-31
3649,605,170,3,2026-02-09
3650,243,37,4,2025-10-06
3651,7,90,4,2026-01-02
3652,714,110,4,2026-08-13
3653,483,45,5,2026-04-28
3654,932,138,4,2025-11-06
3655,475,12,4,2025-09-23
3656,15,7,2,2026-01-20
3657,144,77,5,2025-11-05
3658,102,153,2,2026-05-16
3659,106,18,3,2026-01-11
3660,977,49,5,2025-12-13
3661,767,51,2,2026-07-14
3662,236,85,4,2026-08-11
3663,794,72,2,2026-08-09
3664,109,64,2,2026-08-04
3665,147,13,2,2026-03-27
3666,135,137,4,2026-02-04
3667,794,73,5,2026-08-21
3668,652,157,5,2026-04-16
3669,580,18,1,2026-04-27
3670,309,153,5,2025-10-19
3671,831,39,5,2026-06-11
3672,343,32,2,2026-02-24
3673,799,195,5,2025-09-17
3674,932,80,5,2026-01-07
3675,699,94,5,2026-01-23
3676,666,27,5,2025-10-05
3677,473,160,3,2026-04-07
3678,208,128,1,2026-01-30
3679,586,96,5,2025-09-01
3680,629,189,5,2025-11-19
3681,258,28,5,2026-08-15
3682,509,155,1,2026-05-11
3683,792,168,2,2026-07-29
3684,160,5,5,2025-10-30
3685,512,76,2,2026-03-18
3686,833,126,4,2025-09-19
3687,450,114,4,2026-07-12
3688,251,74,1,2026-05-25
3689,410,185,3,2026-05-03
3690,298,107,5,2026-05-24
3691,789,32,5,2026-02-17
3692,851,145,4,2026-08-22
3693,843,58,5,2025-10-07
3694,670,64,4,2026-05-10
3695,469,148,5,2026-03-25
3696,699,119,1,2026-03-08
3697,482,162,2,2026-02-03
3698,68,99,3,2025-12-15
3699,862,125,5,2026-08-05
3700,451,6,4,2025-12-29
3701,418,83,3,2026-06-20
3702,980,120,2,2026-06-24
3703,452,76,4,2026-02-12
3704,740,181,1,2026-08-07
3705,248,109,2,2025-10-18
3706,155,110,1,2026-02-16
3707,724,30,2,2025-12-06
3708,458,80,5,2026-06-28
3709,401,112,2,2026-01-19
3710,257,51,5,2026-05-21
3711,355,105,2,2026-05-18
3712,443,151,5,2026-05-29
3713,80,26,1,2026-02-07
3714,954,117,1,2026-05-23
3715,468,57,4,2025-10-18
3716,235,193,3,2026-04-15
3717,890,75,4,2026-01-19
3718,163,9,5,2025-09-23
3719,518,75,2,2025-09-13
3720,13,183,5,2025-11-19
3721,188,92,2,2026-04-11
3722,638,138,4,2026-08-12
3723,335,118,1,2026-07-26
3724,100,96,4,2026-07-14
3725,780,83,3,2026-08-14
3726,86,83,2,2026-01-22
3727,899,106,5,2025-11-10
3728,16,124,3,2026-03-03
3729,570,145,1,2026-02-20
3730,692,26,2,2025-11-24
3731,687,55,5,2026-02-03
3732,11,64,1,2025-11-14
3733,565,75,4,2026-06-09
3734,925,136,1,2026-04-01
3735,380,56,5,2025-10-28
3736,231,191,3,2025-12-22
3737,219,88,4,2025-11-24
3738,605,25,4,2026-05-16
3739,662,119,3,2026-01-17
3740,783,59,5,2026-02-27
3741,730,16,1,2026-01-16
3742,859,157,3,2025-10-11
3743,498,168,2,2026-05-10
3744,561,55,3,2026-01-01
3745,560,151,2,2026-03-30
3746,113,138,5,2026-05-22
3747,677,124,2,2026-08-03
3748,723,30,2,2025-11-04
3749,309,36,5,2026-05-26
3750,547,129,2,2026-06-29
3751,20,199,5,2025-10-12
3752,52,145,3,2026-03-01
3753,143,114,5,2026-06-04
3754,848,188,2,2026-04-03
3755,496,100,2,2025-12-08
3756,113,172,3,2026-06-21
3757,423,90,4,2026-08-20
3758,316,37,2,2025-12-26
3759,900,122,5,2025-09-07
3760,828,17,4,2026-05-15
3761,221,88,1,2026-03-30
3762,436,144,2,2026-01-11
3763,122,194,1,2026-06-06
3764,903,85,2,2025-10-31
3765,784,199,3,2026-01-16
3766,931,160,3,2026-07-10
3767,826,151,1,2026-07-13
3768,798,91,4,2025-10-24
3769,556,88,4,2026-01-20
3770,402,88,4,2025-10-25
3771,557,122,5,2026-04-23
3772,869,166,1,2026-06-22
3773,482,178,1,2025-11-17
3774,275,36,5,2025-12-27
3775,549,136,4,2026-02-19
3776,706,121,1,2026-03-17
3777,131,189,1,2026-06-26
3778,672,27,5,2025-09-03
3779,717,195,1,2025-12-30
3780,149,22,1,2026-03-17
3781,272,119,5,2026-03-20
3782,831,171,3,2026-01-17
3783,195,110,2,2026-07-05
3784,10,70,3,2025-11-26
3785,812,99,4,2025-11-27
3786,711,75,4,2026-02-10
3787,647,182,5,2026-04-24
3788,3,14,1,2025-11-27
3789,847,66,5,2026-01-31
3790,805,29,4,2025-10-20
3791,863,47,5,2026-07-07
3792,993,136,5,2025-12-20
3793,812,154,3,2026-02-13
3794,10,105,5,2026-03-27
3795,696,85,2,2026-04-17
3796,664,157,4,2026-06-08
3797,525,156,4,2026-08-23
3798,514,74,4,2025-10-26
3799,991,38,1,2026-03-30
3800,204,26,4,2026-01-17
3801,479,187,3,2025-10-13
3802,509,44,2,2026-03-06
3803,904,126,3,2025-09-07
3804,757,22,4,2026-02-16
3805,899,61,4,2025-11-26
3806,896,115,1,2025-09-10
3807,459,41,3,2026-03-29
3808,277,146,3,2026-07-26
3809,451,24,5,2026-05-22
3810,276,134,4,2026-07-06
3811,103,26,1,2025-12-16
3812,279,189,2,2026-03-26
3813,438,11,3,2025-10-06
3814,846,160,3,2026-06-30
3815,111,158,1,2026-03-18
3816,765,198,2,2026-01-29
3817,104,11,4,2026-05-20
3818,928,108,2,2026-07-04
3819,754,103,1,2026-04-22
3820,21,114,4,2026-06-19
3821,742,63,4,2026-07-24
3822,191,31,4,2025-08-31
3823,582,36,4,2026-04-21
3824,874,16,3,2026-08-03
3825,387,166,3,2026-01-11
3826,944,164,4,2026-03-17
3827,435,154,1,2025-12-11
3828,862,143,2,2025-11-18
3829,477,62,4,2026-01-24
3830,532,159,1,2025-11-15
3831,117,123,2,2026-05-29
3832,37,199,3,2026-08-23
3833,283,136,3,2025-09-20
3834,550,168,5,2025-09-02
3835,851,165,1,2026-06-02
3836,959,131,2,2026-01-18
3837,300,112,1,2026-04-08
3838,700,26,2,2026-01-02
3839,731,66,3,2025-08-27
3840,517,200,3,2025-11-11
3841,244,107,1,2026-08-16
3842,72,123,4,2026-06-27
3843,611,128,3,2026-07-14
3844,496,91,5,2026-04-07
3845,61,1,4,2025-09-14
3846,185,24,5,2026-04-14
3847,774,2,4,2025-09-06
3848,293,114,1,2025-12-13
3849,112,27,5,2026-07-25
3850,135,134,4,2026-06-13
3851,335,121,4,2026-03-12
3852,332,34,4,2026-06-04
3853,101,6,4,2025-11-02
3854,231,122,2,2026-01-09
3855,511,33,1,2025-11-27
3856,509,142,5,2025-09-14
3857,417,67,3,2026-03-07
3858,84,139,3,2025-12-17
3859,281,127,1,2026-05-16
3860,160,155,3,2026-07-27
3861,288,123,4,2025-12-19
3862,843,126,4,2025-12-22
3863,176,92,4,2026-04-24
3864,407,113,1,2026-07-03
3865,587,187,2,2025-11-14
3866,658,26,2,2026-03-10
3867,975,115,2,2026-05-12
3868,625,110,4,2026-05-31
3869,690,54,2,2026-08-17
3870,313,142,3,2026-01-27
3871,164,100,2,2025-09-28
3872,620,173,3,2026-07-11
3873,486,4,5,2025-09-03
3874,910,17,3,2025-11-05
3875,235,51,1,2026-04-10
3876,502,85,1,2026-07-17
3877,56,42,5,2026-07-16
3878,622,63,1,2026-02-22
3879,48,115,3,2026-04-12
3880,854,144,4,2026-08-07
3881,600,184,5,2025-11-17
3882,464,114,1,2026-01-23
3883,714,36,2,2026-07-12
3884,93,68,1,2026-03-03
3885,639,90,1,2026-04-25
3886,385,30,5,2026-02-08
3887,524,75,4,2025-11-08
3888,127,8,4,2025-12-23
3889,95,100,4,2025-11-08
3890,829,94,4,2026-03-21
3891,198,66,5,2025-12-11
3892,809,20,3,2026-03-21
3893,263,31,1,2026-06-27
3894,672,153,5,2026-07-12
3895,69,95,2,2026-05-30
3896,995,23,4,2026-02-05
3897,64,89,1,2025-12-07
3898,128,170,1,2025-08-25
3899,356,51,4,2026-06-23
3900,654,100,1,2026-06-27
3901,658,165,5,2026-06-23
3902,490,69,2,2025-12-02
3903,598,56,4,2025-09-16
3904,486,115,5,2026-04-03
3905,21,118,1,2025-12-01
3906,761,119,2,2025-11-04
3907,385,9,4,2026-04-24
3908,622,198,2,2026-07-11
3909,654,170,1,2026-05-19
3910,756,34,5,2026-03-07
3911,765,143,3,2025-09-11
3912,234,195,4,2025-11-16
3913,233,188,5,2026-08-05
3914,667,122,2,2025-09-14
3915,583,43,1,2026-05-07
3916,51,75,3,2026-07-13
3917,372,23,5,2025-09-14
3918,735,128,1,2026-02-11
3919,172,61,2,2026-07-08
3920,874,120,1,2026-01-06
3921,491,177,5,2026-05-05
3922,937,65,2,2025-09-11
3923,915,27,3,2026-04-22
3924,506,32,1,2026-04-12
3925,785,74,5,2026-02-08
3926,83,173,5,2025-12-26
3927,725,83,1,2026-07-22
3928,319,1,4,2026-06-05
3929,269,44,2,2026-05-23
3930,767,86,2,2025-09-12
3931,290,36,4,2025-09-28
3932,793,63,5,2025-12-24
3933,781,15,5,2026-07-14
3934,580,49,1,2025-12-07
3935,115,17,5,2026-03-16
3936,22,59,2,2025-09-30
3937,529,106,1,2026-03-15
3938,429,149,5,2026-01-19
3939,238,59,1,2026-08-10
3940,396,18,3,2025-09-27
3941,735,186,4,2026-01-05
3942,590,31,5,2025-09-03
3943,897,57,5,2026-01-28
3944,104,158,1,2025-12-19
3945,557,83,3,2025-09-17
3946,39,14,3,2025-12-12
3947,893,86,3,2026-01-24
3948,581,143,1,2025-11-30
3949,868,137,1,2026-03-05
3950,950,40,3,2026-03-23
3951,989,40,2,2026-07-17
3952,622,158,3,2025-12-22
3953,234,38,2,2026-07-19
3954,297,100,1,2025-12-02
3955,294,9,3,2025-09-10
3956,354,124,4,2026-04-21
3957,746,60,5,2025-11-12
3958,464,8,1,2026-03-07
3959,8,87,5,2025-09-01
3960,825,191,3,2026-07-10
3961,727,63,3,2025-11-09
3962,404,121,3,2026-01-05
3963,111,141,5,2026-03-21
3964,926,11,1,2025-11-11
3965,332,140,3,2025-12-07
3966,542,126,1,2026-02-26
3967,271,179,5,2025-09-10
3968,34,200,2,2025-09-17
3969,783,157,1,2026-04-14
3970,351,82,1,2026-08-01
3971,732,142,3,2025-11-21
3972,238,22,3,2025-11-19
3973,534,157,1,2026-05-06
3974,647,159,3,2026-07-30
3975,396,169,1,2026-01-21
3976,757,94,4,2026-02-09
3977,738,121,1,2025-08-24
3978,969,187,3,2026-03-25
3979,702,31,2,2026-03-08
3980,123,146,5,2026-06-11
3981,474,72,4,2026-08-11
3982,316,145,3,2025-09-09
3983,863,145,3,2025-10-13
3984,537,170,1,2026-08-19
3985,330,145,2,2026-06-20
3986,997,162,1,2026-02-04
3987,396,169,2,2026-07-15
3988,236,175,2,2026-02-24
3989,256,124,2,2026-07-12
3990,946,176,5,2026-04-14
3991,465,63,2,2026-06-23
3992,884,68,4,2025-11-01
3993,540,36,3,2026-07-07
3994,118,85,5,2025-10-31
3995,759,57,1,2025-09-29
3996,60,167,4,2026-07-13
3997,759,114,1,2026-06-16
3998,543,58,2,2026-02-04
3999,122,43,4,2026-07-02
4000,152,48,1,2026-04-28
4001,31,199,3,2025-11-15
4002,535,163,4,2025-11-06
4003,859,155,4,2026-04-09
4004,590,35,4,2025-12-02
4005,374,47,2,2025-11-17
4006,780,135,5,2026-03-23
4007,304,191,1,2026-07-18
4008,346,176,1,2026-05-06
4009,943,18,2,2026-08-03
4010,7,16,3,2026-07-14
4011,447,56,3,2025-09-23
4012,582,96,1,2025-10-29
4013,609,171,3,2025-09-05
4014,180,73,5,2026-03-10
4015,303,134,2,2026-01-02
4016,439,152,4,2025-12-12
4017,76,31,1,2026-05-08
4018,567,45,1,2026-04-14
4019,690,133,1,2026-05-29
4020,509,89,3,2026-08-21
4021,422,7,2,2025-09-21
4022,12,71,4,2026-08-21
4023,814,11,2,2025-12-01
4024,832,53,4,2026-04-22
4025,163,88,1,2026-04-19
4026,418,182,5,2025-10-15
4027,329,72,4,2026-06-19
4028,657,73,3,2026-06-02
4029,349,45,3,2025-12-29
4030,806,150,4,2026-01-10
4031,226,65,2,2026-01-07
4032,11,200,2,2026-08-11
4033,793,197,3,2026-02-05
4034,126,148,3,2026-08-10
4035,593,171,2,2026-03-26
4036,561,78,4,2026-07-15
4037,20,82,1,2025-10-04
4038,791,134,4,2026-06-02
4039,325,155,4,2025-12-27
4040,957,33,2,2026-06-24
4041,943,28,2,2025-11-29
4042,819,91,2,2025-10-09
4043,307,9,5,2025-11-20
4044,670,67,2,2026-01-22
4045,166,46,1,2026-08-05
4046,774,121,2,2026-04-24
4047,838,157,4,2026-03-08
4048,56,23,3,2026-05-19
4049,669,2,2,2026-01-28
4050,54,96,4,2026-07-13
4051,471,172,5,2025-10-31
4052,680,158,5,2025-09-04
4053,727,28,4,2026-04-22
4054,247,76,5,2026-03-05
4055,572,49,4,2025-11-18
4056,632,58,2,2026-04-11
4057,970,64,2,2025-10-18
4058,721,150,1,2025-10-23
4059,589,180,5,2026-05-30
4060,799,189,5,2026-03-21
4061,176,177,3,2025-10-26
4062,70,120,2,2025-09-02
4063,4,14,4,2026-02-19
4064,975,53,4,2026-07-20
4065,751,139,2,2025-10-08
4066,295,27,5,2026-06-20
4067,413,11,2,2026-04-04
4068,38,112,2,2025-11-07
4069,291,19,5,2026-02-01
4070,910,70,5,2025-10-30
4071,150,73,1,2026-03-16
4072,846,107,1,2026-03-20
4073,813,148,1,2026-01-25
4074,384,68,4,2026-03-07
4075,361,156,2,2026-08-21
4076,849,121,4,2026-05-16
4077,69,173,3,2025-10-08
4078,399,146,3,2025-10-07
4079,347,88,3,2025-11-05
4080,727,148,5,2026-05-06
4081,405,147,5,2025-08-28
4082,866,46,1,2025-10-19
4083,739,66,5,2025-10-19
4084,912,43,4,2025-12-06
4085,691,23,4,2026-04-01
4086,506,143,1,2026-04-15
4087,152,76,4,2026-04-21
4088,498,115,3,2025-12-22
4089,926,110,2,2026-06-03
4090,193,16,3,2026-05-21
4091,669,135,1,2026-05-05
4092,954,194,2,2025-08-31
4093,176,135,1,2026-03-09
4094,812,75,2,2025-11-20
4095,403,27,3,2025-12-04
4096,65,89,2,2025-10-24
4097,302,111,3,2026-04-06
4098,90,174,2,2026-03-11
4099,1,181,5,2026-03-24
4100,160,70,3,2026-03-26
4101,774,62,2,2025-09-27
4102,410,106,1,2026-02-05
4103,83,40,3,2026-08-20
4104,961,27,3,2026-08-17
4105,134,18,3,2026-07-31
4106,806,71,1,2025-09-20
4107,525,94,3,2026-04-08
4108,594,97,5,2026-07-14
4109,865,190,1,2026-03-13
4110,22,126,3,2026-07-28
4111,430,150,2,2025-09-01
4112,667,149,5,2026-02-06
4113,802,75,4,2026-05-23
4114,953,166,2,2025-09-13
4115,965,141,1,2026-08-08
4116,758,96,3,2025-11-24
4117,398,132,1,2025-09-15
4118,990,24,3,2025-09-03
4119,517,67,1,2025-08-31
4120,230,167,2,2026-02-28
4121,802,69,5,2025-09-13
4122,411,182,4,2025-08-27
4123,946,139,3,2026-04-18
4124,401,174,5,2025-10-22
4125,774,106,1,2025-12-01
4126,621,34,1,2026-07-05
4127,995,26,1,2025-10-05
4128,76,84,3,2026-07-14
4129,534,89,2,2025-09-12
4130,716,115,5,2026-02-09
4131,897,115,1,2025-11-04
4132,979,28,5,2025-12-16
4133,430,51,3,2025-09-20
4134,631,86,2,2026-01-17
4135,411,192,1,2025-12-24
4136,715,20,1,2026-01-12
4137,405,13,2,2025-08-28
4138,322,11,3,2026-01-06
4139,228,82,2,2026-03-23
4140,433,178,2,2026-04-15
4141,957,139,1,2025-09-01
4142,730,172,1,2026-08-18
4143,660,121,4,2025-12-17
4144,467,139,3,2025-09-24
4145,850,112,2,2026-06-15
4146,41,25,3,2026-08-04
4147,8,168,5,2026-03-02
4148,379,79,4,2026-08-15
4149,67,60,1,2026-06-22
4150,629,9,2,2025-11-02
4151,973,124,2,2026-08-08
4152,411,60,1,2026-06-18
4153,739,162,1,2025-10-15
4154,896,16,3,2026-06-05
4155,835,58,1,2026-01-30
4156,709,18,2,2025-09-12
4157,734,125,1,2025-09-09
4158,887,157,5,2026-05-04
4159,538,158,2,2025-09-01
4160,214,161,1,2026-07-23
4161,378,156,4,2026-02-05
4162,336,76,1,2025-12-21
4163,65,191,3,2026-07-06
4164,802,20,2,2026-06-15
4165,737,100,5,2026-06-22
4166,329,62,4,2026-07-11
4167,315,35,5,2025-11-02
4168,489,149,5,2025-11-29
4169,392,183,5,2026-05-24
4170,805,175,1,2025-11-05
4171,835,133,1,2026-05-05
4172,999,28,4,2026-07-11
4173,462,56,4,2026-05-26
4174,42,73,1,2025-10-21
4175,183,153,3,2025-08-25
4176,732,41,4,2025-10-25
4177,609,81,1,2026-03-09
4178,813,51,2,2026-01-31
4179,980,84,4,2026-05-19
4180,83,68,1,2026-05-01
4181,532,52,3,2026-08-16
4182,853,24,3,2026-04-18
4183,93,168,3,2026-04-18
4184,801,109,2,2025-12-26
4185,267,11,3,2026-04-15
4186,496,9,1,2025-09-09
4187,704,98,5,2026-05-25
4188,358,88,2,2025-09-27
4189,164,122,1,2026-05-16
4190,593,36,1,2026-06-22
4191,646,64,3,2026-05-18
4192,255,194,5,2026-01-26
4193,452,95,5,2026-05-15
4194,255,144,5,2026-06-20
4195,301,1,4,2026-01-13
4196,820,155,1,2026-02-18
4197,366,21,5,2026-07-28
4198,417,108,3,2025-08-24
4199,517,180,2,2026-02-23
4200,343,68,2,2026-05-28
4201,663,137,5,2026-05-23
4202,208,29,4,2026-01-09
4203,424,72,3,2026-05-19
4204,310,8,5,2026-03-23
4205,176,75,5,2026-02-01
4206,982,51,5,2025-11-26
4207,910,109,3,2026-02-08
4208,171,94,3,2025-09-19
4209,811,1,1,2026-06-10
4210,729,94,4,2026-04-23
4211,446,102,1,2025-12-28
4212,23,84,5,2026-05-11
4213,37,19,1,2026-05-13
4214,303,58,4,2026-04-19
4215,62,116,5,2025-09-29
4216,865,197,2,2026-02-04
4217,304,19,3,2026-06-23
4218,880,29,1,2025-12-02
4219,154,136,1,2026-08-20
4220,695,90,5,2026-05-18
4221,908,79,5,2026-03-20
4222,368,61,3,2026-04-11
4223,528,54,2,2025-12-07
4224,363,87,4,2026-02-01
4225,788,137,4,2025-09-17
4226,737,138,3,2026-05-15
4227,14,195,4,2025-09-16
4228,151,89,5,2026-06-23
4229,240,179,3,2026-04-11
4230,529,103,3,2025-11-21
4231,569,55,3,2025-11-21
4232,120,38,4,2026-01-07
4233,448,48,2,2026-05-24
4234,216,165,5,2026-03-17
4235,956,71,5,2026-04-19
4236,58,7,2,2026-05-06
4237,153,123,5,2025-10-19
4238,743,10,3,2025-11-16
4239,355,187,2,2025-09-19
4240,37,4,2,2025-11-19
4241,944,114,5,2025-12-20
4242,711,66,2,2026-07-01
4243,392,18,4,2026-08-09
4244,470,117,3,2026-04-06
4245,343,154,2,2025-10-07
4246,641,120,5,2025-12-06
4247,22,40,1,2026-04-12
4248,979,91,4,2026-03-31
4249,795,69,2,2025-10-12
4250,509,64,4,2026-02-24
4251,912,163,3,2025-12-11
4252,330,17,4,2026-03-03
4253,42,175,4,2026-03-26
4254,438,183,2,2026-03-19
4255,347,95,3,2025-10-17
4256,400,156,4,2026-01-22
4257,638,103,3,2025-11-25
4258,609,118,3,2025-09-10
4259,994,88,2,2026-04-05
4260,62,13,4,2026-02-26
4261,306,32,3,2026-07-01
4262,946,54,2,2025-10-08
4263,968,146,2,2026-04-02
4264,372,101,3,2025-09-10
4265,2,12,5,2026-07-07
4266,11,9,1,2025-09-04
4267,103,45,5,2025-12-24
4268,723,61,1,2025-09-28
4269,190,84,2,2026-05-02
4270,160,6,1,2026-05-17
4271,933,169,4,2026-08-03
4272,83,17,1,2026-07-22
4273,267,50,5,2025-10-15
4274,261,185,1,2025-10-16
4275,149,11,4,2026-05-03
4276,84,8,3,2026-06-21
4277,597,19,5,2026-01-16
4278,664,166,3,2026-07-19
4279,349,115,4,2025-12-20
4280,408,106,4,2025-12-07
4281,465,128,3,2026-06-15
4282,163,143,3,2025-10-28
4283,111,113,1,2026-04-09
4284,827,108,4,2026-03-05
4285,70,67,3,2025-11-28
4286,959,15,1,2025-11-25
4287,846,49,2,2025-11-14
4288,331,46,4,2025-10-26
4289,299,76,3,2026-03-21
4290,306,84,5,2026-01-01
4291,800,193,2,2026-08-09
4292,561,15,2,2026-07-07
4293,524,164,3,2025-09-04
4294,564,24,4,2025-12-22
4295,428,43,3,2026-01-27
4296,791,153,5,2025-12-11
4297,199,198,4,2026-03-05
4298,438,79,4,2026-08-02
4299,766,190,1,2026-05-07
4300,815,177,2,2026-05-04
4301,589,151,3,2026-01-05
4302,852,4,3,2026-01-06
4303,143,82,2,2026-04-08
4304,192,21,5,2025-09-16
4305,375,111,1,2026-04-22
4306,892,199,3,2026-02-05
4307,897,115,2,2026-01-18
4308,660,178,1,2025-11-19
4309,102,84,4,2026-05-21
4310,377,57,4,2025-10-26
4311,961,99,3,2026-03-30
4312,116,69,5,2026-02-15
4313,257,25,1,2026-05-22
4314,261,30,5,2026-05-18
4315,701,185,3,2025-10-26
4316,217,76,1,2025-10-11
4317,670,55,1,2026-02-14
4318,354,22,3,2025-11-29
4319,239,109,5,2026-03-07
4320,344,43,2,2026-05-28
4321,71,88,5,2026-05-26
4322,371,74,2,2025-12-19
4323,667,76,2,2025-11-13
4324,152,58,2,2026-04-10
4325,204,195,1,2025-12-15
4326,367,117,3,2026-05-31
4327,22,181,3,2026-08-16
4328,376,33,2,2026-03-31
4329,29,170,2,2026-07-03
4330,890,73,2,2026-01-13
4331,296,150,3,2026-07-08
4332,295,179,1,2026-07-27
4333,955,185,3,2026-07-01
4334,504,197,2,2025-12-13
4335,852,87,3,2025-09-19
4336,455,100,3,2026-02-26
4337,325,167,3,2026-05-26
4338,766,52,1,2026-06-07
4339,909,143,5,2025-12-03
4340,7,138,1,2026-05-09
4341,613,193,1,2025-10-25
4342,640,151,5,2026-08-02
4343,367,70,1,2026-05-30
4344,118,39,3,2026-02-05
4345,902,39,5,2026-05-30
4346,300,38,4,2026-01-09
4347,660,191,3,2025-10-06
4348,297,175,2,2026-03-21
4349,906,145,4,2025-11-11
4350,99,36,4,2026-07-13
4351,149,161,2,2026-02-23
4352,712,111,5,2025-12-25
4353,133,89,2,2025-09-16
4354,86,22,1,2026-05-24
4355,160,96,4,2026-03-08
4356,900,1,3,2025-10-21
4357,555,39,5,2026-06-27
4358,950,183,1,2026-07-31
4359,166,87,2,2026-01-09
4360,240,156,3,2026-03-03
4361,806,128,3,2026-07-20
4362,720,64,1,2026-06-17
4363,415,181,1,2025-10-21
4364,981,13,2,2025-10-09
4365,731,168,5,2026-04-10
4366,119,71,3,2026-02-12
4367,564,56,1,2026-04-08
4368,768,14,5,2025-11-06
4369,993,102,2,2026-08-18
4370,819,74,2,2026-02-10
4371,846,62,3,2026-04-16
4372,817,110,5,2026-03-16
4373,860,25,2,2026-07-30
4374,997,185,4,2026-02-24
4375,752,11,2,2025-10-11
4376,2,1,2,2026-04-24
4377,472,129,4,2026-01-20
4378,410,79,2,2026-08-15
4379,316,185,2,2026-05-28
4380,561,32,2,2026-08-02
4381,480,118,5,2026-02-01
4382,771,42,4,2026-02-15
4383,862,118,4,2025-09-25
4384,37,191,1,2025-10-19
4385,392,127,5,2026-06-27
4386,320,83,1,2026-03-31
4387,453,12,4,2025-09-03
4388,716,20,5,2025-11-19
4389,231,171,4,2025-10-21
4390,792,182,1,2025-12-29
4391,847,92,5,2025-09-08
4392,12,155,2,2026-02-06
4393,8,58,4,2026-01-26
4394,410,87,2,2025-09-21
4395,696,146,4,2025-10-06
4396,780,148,1,2025-10-24
4397,258,197,5,2026-04-14
4398,125,127,2,2026-02-20
4399,418,8,2,2026-08-01
4400,199,178,3,2025-09-08
4401,293,79,2,2026-07-15
4402,810,137,1,2026-05-03
4403,625,153,5,2026-01-24
4404,879,69,1,2025-10-25
4405,908,137,2,2025-12-13
4406,149,38,4,2026-06-29
4407,310,37,4,2025-09-03
4408,307,51,1,2025-10-27
4409,32,39,3,2026-08-14
4410,39,135,3,2026-02-23
4411,454,177,3,2026-08-14
4412,194,172,4,2026-04-06
4413,889,191,3,2026-06-08
4414,620,104,1,2026-04-19
4415,743,55,5,2026-03-28
4416,822,21,2,2026-03-30
4417,551,153,2,2026-07-17
4418,443,80,4,2026-08-14
4419,931,120,2,2026-06-17
4420,985,65,2,2026-04-27
4421,487,139,2,2026-08-12
4422,268,72,3,2026-06-19
4423,824,114,4,2026-07-09
4424,779,26,1,2026-04-14
4425,878,157,4,2026-05-13
4426,325,112,3,2026-02-07
4427,685,193,1,2025-12-10
4428,52,52,5,2025-10-12
4429,801,159,3,2025-11-16
4430,267,59,4,2025-09-21
4431,373,135,1,2026-07-07
4432,468,128,2,2026-01-26
4433,95,79,1,2025-10-30
4434,310,77,5,2026-04-28
4435,297,189,1,2026-07-27
4436,353,50,5,2026-02-16
4437,616,75,2,2025-11-22
4438,567,133,5,2026-05-17
4439,694,116,5,2026-07-07
4440,437,136,2,2026-08-06
4441,87,53,3,2025-11-06
4442,203,114,1,2026-05-17
4443,543,179,1,2026-03-14
4444,355,115,4,2025-10-07
4445,222,60,5,2025-08-24
4446,249,184,2,2026-04-01
4447,190,179,2,2026-04-06
4448,362,106,1,2025-11-03
4449,647,99,1,2026-06-07
4450,365,190,3,2025-12-29
4451,931,10,3,2025-10-19
4452,950,62,4,2026-04-04
4453,419,73,3,2026-02-14
4454,909,184,2,2026-08-07
4455,863,58,2,2026-06-22
4456,56,73,4,2026-03-01
4457,820,24,1,2025-11-23
4458,543,91,3,2026-05-31
4459,177,157,2,2025-11-07
4460,306,89,1,2026-01-18
4461,2,151,2,2025-11-16
4462,435,130,3,2025-09-16
4463,667,52,4,2026-02-11
4464,809,88,3,2025-09-21
4465,210,127,1,2026-01-15
4466,700,59,3,2026-03-04
4467,929,176,5,2025-10-16
4468,349,112,4,2026-07-27
4469,971,46,5,2026-01-24
4470,316,78,3,2025-12-02
4471,911,25,2,2026-01-15
4472,577,150,1,2026-02-14
4473,994,30,5,2026-04-03
4474,757,137,5,2026-05-13
4475,995,39,2,2025-09-01
4476,413,153,3,2026-04-15
4477,204,133,3,2025-09-12
4478,977,110,4,2025-11-28
4479,425,23,1,2025-10-08
4480,895,174,3,2025-09-01
4481,666,96,1,2026-06-26
4482,141,175,1,2026-03-12
4483,244,82,3,2026-07-22
4484,61,9,5,2025-12-04
4485,508,77,3,2025-10-17
4486,489,162,2,2026-05-16
4487,177,179,1,2026-05-14
4488,555,15,5,2025-12-02
4489,8,35,3,2025-09-18
4490,797,185,1,2026-03-09
4491,653,54,4,2026-01-17
4492,685,32,3,2025-09-23
4493,176,22,4,2026-03-22
4494,529,168,2,2026-07-30
4495,60,88,3,2025-10-10
4496,710,97,4,2025-10-07
4497,422,153,5,2026-04-21
4498,369,112,4,2026-08-07
4499,29,4,5,2026-08-22
4500,177,163,4,2026-06-12
4501,20,133,2,2026-06-16
4502,922,157,5,2026-06-29
4503,481,14,5,2026-04-19
4504,155,40,2,2026-06-06
4505,387,158,5,2026-07-14
4506,731,12,1,2026-08-11
4507,254,180,2,2026-02-06
4508,655,11,3,2025-09-24
4509,512,66,2,2026-06-05
4510,220,31,5,2026-03-04
4511,922,89,4,2026-07-28
4512,843,95,2,2026-03-09
4513,26,29,5,2026-06-02
4514,678,64,4,2026-02-19
4515,360,26,1,2026-02-03
4516,638,184,3,2026-01-29
4517,902,196,1,2026-04-23
4518,900,63,5,2026-03-20
4519,704,104,4,2026-03-24
4520,879,41,1,2025-12-12
4521,977,159,5,2025-11-17
4522,372,51,2,2026-06-10
4523,521,113,1,2026-04-25
4524,594,166,4,2026-08-20
4525,246,187,5,2025-09-17
4526,689,83,4,2026-07-23
4527,870,101,5,2026-04-21
4528,568,16,5,2026-08-22
4529,251,142,3,2025-10-10
4530,470,81,3,2026-04-04
4531,908,200,4,2026-07-21
4532,539,27,5,2025-09-25
4533,22,115,5,2026-04-07
4534,806,4,2,2025-11-04
4535,449,35,3,2025-10-23
4536,207,176,4,2026-06-06
4537,670,100,2,2026-04-20
4538,240,122,1,2026-03-14
4539,857,99,5,2026-08-14
4540,210,170,3,2026-02-07
4541,429,30,3,2026-02-12
4542,472,176,1,2026-02-16
4543,593,164,4,2025-12-30
4544,531,136,4,2026-03-23
4545,925,147,5,2026-01-29
4546,338,104,1,2026-02-11
4547,288,191,3,2026-08-02
4548,277,106,4,2026-05-27
4549,368,94,5,2026-08-19
4550,799,82,1,2025-12-07
4551,595,61,5,2026-07-04
4552,179,38,3,2026-08-08
4553,995,159,1,2026-08-15
4554,245,124,2,2026-01-13
4555,432,197,4,2025-10-29
4556,325,139,5,2025-11-28
4557,988,10,5,2026-07-11
4558,984,110,1,2026-08-13
4559,979,152,4,2025-11-23
4560,546,166,3,2026-05-13
4561,9,165,3,2025-10-07
4562,873,91,3,2026-05-09
4563,123,98,1,2026-03-25
4564,678,28,1,2025-12-06
4565,80,132,1,2026-08-10
4566,882,20,4,2025-12-07
4567,639,179,5,2025-10-19
4568,979,100,5,2025-12-07
4569,71,149,1,2026-08-09
4570,733,180,3,2026-05-22
4571,6,169,4,2025-12-03
4572,680,5,1,2026-04-10
4573,545,104,1,2025-11-26
4574,116,7,1,2026-03-11
4575,750,52,4,2025-09-15
4576,844,173,4,2026-07-26
4577,435,17,5,2026-08-15
4578,812,153,3,2026-03-17
4579,134,20,4,2026-04-04
4580,424,36,5,2026-02-25
4581,136,162,1,2026-04-06
4582,297,53,3,2026-08-03
4583,66,32,5,2025-09-07
4584,577,46,3,2026-01-20
4585,209,181,4,2025-11-18
4586,461,176,3,2025-09-03
4587,805,10,1,2026-04-26
4588,312,75,4,2026-02-14
4589,689,54,4,2026-08-14
4590,263,113,5,2025-09-13
4591,355,25,1,2026-02-17
4592,407,73,3,2025-09-16
4593,86,69,3,2026-03-05
4594,38,7,5,2026-04-12
4595,1,104,5,2025-12-22
4596,175,137,1,2025-11-17
4597,714,75,1,2026-07-16
4598,879,120,5,2025-11-17
4599,19,113,5,2026-07-10
4600,315,54,4,2025-12-19
4601,455,117,4,2025-09-15
4602,281,98,3,2025-10-03
4603,791,199,2,2025-10-12
4604,70,108,3,2026-06-17
4605,195,75,1,2026-01-28
4606,475,75,4,2026-01-30
4607,336,160,3,2026-03-08
4608,401,126,5,2025-09-29
4609,611,83,1,2026-05-19
4610,773,99,5,2026-07-07
4611,356,195,4,2025-10-24
4612,383,117,4,2025-10-21
4613,234,58,3,2026-01-13
4614,784,57,4,2026-05-05
4615,435,172,2,2026-04-17
4616,854,66,5,2026-04-21
4617,87,183,2,2026-04-25
4618,690,76,4,2026-01-03
4619,280,102,3,2026-05-15
4620,483,87,5,2025-11-28
4621,349,4,2,2025-09-16
4622,962,119,5,2026-06-11
4623,903,148,1,2026-04-12
4624,810,74,3,2025-10-08
4625,801,183,3,2026-06-17
4626,953,28,2,2026-03-16
4627,216,148,2,2025-10-21
4628,442,127,5,2025-10-05
4629,839,144,2,2025-09-28
4630,94,198,1,2026-06-04
4631,273,197,1,2026-05-30
4632,629,38,5,2026-06-03
4633,574,189,1,2025-10-12
4634,347,52,4,2026-08-12
4635,252,165,4,2026-01-23
4636,116,97,2,2026-02-19
4637,454,119,3,2026-07-17
4638,935,14,3,2025-10-27
4639,470,67,1,2025-11-06
4640,523,119,3,2026-07-24
4641,873,55,4,2026-05-03
4642,425,173,3,2026-07-18
4643,858,162,3,2026-06-24
4644,744,31,5,2025-10-25
4645,579,82,1,2026-08-04
4646,647,93,1,2026-06-11
4647,643,97,3,2026-07-15
4648,243,72,2,2026-07-11
4649,229,200,5,2026-06-08
4650,786,60,3,2026-07-15
4651,908,148,3,2026-06-11
4652,76,19,3,2025-10-17
4653,497,23,4,2025-12-07
4654,230,182,1,2025-12-29
4655,96,180,4,2026-05-22
4656,614,127,1,2026-06-18
4657,742,83,5,2025-10-04
4658,207,44,4,2026-02-04
4659,415,98,4,2026-07-09
4660,285,3,2,2026-02-08
4661,908,187,2,2026-04-14
4662,942,134,2,2026-04-23
4663,131,77,1,2026-02-16
4664,15,194,5,2025-09-29
4665,893,146,3,2026-08-12
4666,227,94,4,2025-09-02
4667,837,105,5,2026-05-16
4668,401,42,4,2026-02-03
4669,370,60,3,2025-09-19
4670,866,118,2,2026-06-24
4671,885,22,4,2026-08-13
4672,765,25,2,2026-04-10
4673,894,33,5,2026-07-26
4674,284,30,1,2026-04-12
4675,624,64,4,2026-06-20
4676,380,132,5,2025-12-17
4677,391,116,1,2026-03-29
4678,807,92,5,2025-09-15
4679,385,33,4,2026-06-06
4680,271,4,4,2025-11-05
4681,981,96,1,2026-07-15
4682,255,34,2,2026-07-06
4683,25,11,2,2026-08-06
4684,131,106,1,2025-10-30
4685,343,147,1,2026-06-06
4686,300,58,3,2025-09-27
4687,102,66,4,2026-07-02
4688,589,118,1,2026-08-14
4689,1,185,5,2026-02-16
4690,291,41,5,2026-01-25
4691,829,192,2,2025-11-21
4692,194,110,4,2025-09-21
4693,234,132,3,2026-07-20
4694,395,150,3,2025-10-30
4695,722,175,4,2026-05-16
4696,420,83,1,2026-07-08
4697,368,133,1,2025-09-15
4698,646,178,1,2025-09-04
4699,163,171,4,2026-04-22
4700,285,124,1,2026-01-27
4701,645,129,5,2026-08-08
4702,140,56,5,2026-03-31
4703,962,18,4,2026-01-07
4704,839,136,3,2026-06-16
4705,35,65,1,2025-09-03
4706,42,139,5,2026-02-09
4707,227,151,1,2025-12-29
4708,705,163,3,2026-06-19
4709,118,51,3,2026-08-13
4710,46,142,2,2026-01-13
4711,215,163,5,2026-01-31
4712,262,160,2,2026-06-14
4713,38,173,4,2026-07-08
4714,534,87,2,2025-09-17
4715,587,67,3,2026-06-28
4716,392,31,1,2026-03-15
4717,517,199,2,2025-09-08
4718,777,117,1,2025-12-27
4719,778,114,2,2025-11-19
4720,952,65,4,2026-02-22
4721,914,10,5,2026-08-09
4722,741,197,2,2025-11-18
4723,656,98,2,2026-02-20
4724,909,174,3,2026-07-01
4725,946,130,5,2026-07-30
4726,337,193,4,2026-04-04
4727,147,133,3,2026-07-22
4728,661,38,4,2026-02-05
4729,663,187,4,2026-07-12
4730,952,150,1,2026-01-27
4731,761,164,2,2025-10-22
4732,555,136,2,2026-07-18
4733,884,106,2,2025-11-16
4734,14,44,5,2025-09-06
4735,56,28,1,2025-11-07
4736,281,173,4,2026-05-24
4737,357,158,4,2026-01-28
4738,946,101,3,2026-01-07
4739,576,28,1,2026-03-09
4740,331,165,3,2025-08-25
4741,62,6,5,2026-03-12
4742,43,65,4,2026-07-06
4743,890,189,4,2026-07-19
4744,507,101,2,2026-06-20
4745,485,181,2,2026-05-23
4746,694,93,5,2026-04-17
4747,422,165,4,2026-06-30
4748,547,173,1,2026-08-05
4749,54,199,1,2026-01-15
4750,540,36,4,2025-10-03
4751,547,24,3,2025-12-18
4752,380,85,3,2025-08-31
4753,247,94,4,2026-04-25
4754,709,157,4,2026-03-23
4755,529,73,5,2025-11-29
4756,867,61,1,2026-06-05
4757,986,107,3,2026-07-10
4758,198,160,5,2025-09-02
4759,331,83,4,2026-06-24
4760,251,188,4,2026-02-10
4761,252,164,1,2025-11-01
4762,527,75,3,2026-05-22
4763,56,195,3,2025-10-22
4764,375,117,2,2026-08-07
4765,400,113,5,2025-11-05
4766,199,187,2,2025-11-02
4767,912,102,2,2026-02-04
4768,603,170,1,2026-05-19
4769,299,198,4,2026-08-07
4770,142,120,5,2026-03-15
4771,364,156,4,2025-09-06
4772,370,67,5,2026-04-05
4773,143,135,3,2026-04-18
4774,22,139,2,2026-07-18
4775,584,192,1,2025-09-06
4776,853,49,3,2025-10-10
4777,239,137,4,2026-02-23
4778,918,100,5,2025-10-15
4779,290,71,4,2026-01-17
4780,260,82,5,2026-02-28
4781,809,69,5,2025-12-09
4782,991,80,3,2026-05-13
4783,686,102,1,2026-05-03
4784,145,155,2,2026-08-03
4785,546,179,4,2026-03-02
4786,440,135,3,2026-07-03
4787,770,198,5,2025-11-08
4788,75,104,3,2026-01-29
4789,628,151,1,2025-10-01
4790,275,7,2,2026-04-26
4791,299,50,1,2026-06-03
4792,664,190,2,2025-08-31
4793,63,136,4,2026-02-08
4794,406,33,3,2025-10-12
4795,737,73,5,2026-08-05
4796,817,147,2,2026-05-07
4797,611,142,3,2025-09-28
4798,85,197,4,2026-08-06
4799,984,51,4,2025-11-21
4800,588,125,3,2025-11-04
4801,63,111,5,2026-05-05
4802,79,69,1,2026-07-21
4803,10,52,2,2025-12-26
4804,872,21,2,2026-07-03
4805,373,83,2,2026-01-12
4806,915,84,5,2026-03-23
4807,88,26,1,2026-07-08
4808,1000,29,1,2025-10-21
4809,64,195,5,2026-03-20
4810,724,106,3,2025-12-08
4811,786,95,1,2026-05-29
4812,420,137,5,2026-02-25
4813,296,27,3,2026-06-08
4814,465,103,3,2026-02-22
4815,501,135,3,2026-07-05
4816,78,17,4,2026-05-27
4817,481,174,3,2025-09-10
4818,29,153,3,2026-04-19
4819,472,110,2,2026-08-03
4820,702,24,5,2025-09-16
4821,733,22,4,2025-09-26
4822,98,189,5,2026-02-20
4823,83,154,4,2025-12-29
4824,443,94,5,2025-11-06
4825,631,177,3,2026-01-04
4826,632,129,3,2025-12-17
4827,904,16,3,2025-09-22
4828,388,192,1,2026-07-02
4829,68,172,2,2025-11-09
4830,179,25,3,2025-10-28
4831,795,150,1,2026-01-25
4832,247,122,5,2026-08-01
4833,118,43,3,2026-03-13
4834,705,8,5,2025-09-02
4835,429,50,1,2025-12-25
4836,967,64,4,2025-12-24
4837,880,57,5,2025-12-13
4838,154,31,4,2026-07-03
4839,167,131,3,2026-04-16
4840,429,111,4,2026-03-25
4841,896,68,1,2025-11-24
4842,127,23,1,2026-01-19
4843,264,120,3,2026-03-26
4844,133,155,4,2026-08-03
4845,549,121,1,2025-12-13
4846,797,36,2,2026-08-13
4847,343,197,1,2025-10-16
4848,75,182,1,2025-10-07
4849,772,178,5,2025-12-19
4850,177,87,3,2026-02-28
4851,768,70,5,2026-01-14
4852,129,177,4,2025-09-01
4853,857,76,4,2026-07-13
4854,440,137,3,2026-07-17
4855,108,98,3,2025-10-12
4856,214,80,2,2026-06-15
4857,201,196,2,2025-10-11
4858,184,156,2,2025-09-29
4859,73,111,1,2026-06-09
4860,145,9,3,2026-05-16
4861,849,84,3,2026-05-21
4862,978,74,3,2026-04-16
4863,282,174,2,2026-03-06
4864,451,128,4,2026-02-12
4865,908,83,4,2026-04-06
4866,462,153,3,2025-11-02
4867,344,199,1,2026-03-10
4868,727,80,1,2026-03-13
4869,500,88,2,2025-08-30
4870,229,110,4,2026-02-02
4871,532,97,5,2026-04-27
4872,692,91,3,2026-05-22
4873,652,193,4,2026-01-08
4874,876,118,5,2025-11-21
4875,434,44,5,2026-05-16
4876,865,27,4,2026-08-04
4877,530,72,2,2025-10-22
4878,998,152,5,2025-11-25
4879,291,149,4,2025-10-18
4880,583,69,3,2025-08-23
4881,678,79,3,2026-04-12
4882,358,162,5,2026-06-25
4883,826,168,1,2026-05-29
4884,201,85,2,2026-04-02
4885,726,57,1,2026-07-01
4886,427,101,1,2026-02-27
4887,659,185,1,2026-03-28
4888,448,189,5,2026-03-13
4889,939,90,2,2026-07-05
4890,165,41,2,2026-03-21
4891,501,104,1,2025-12-23
4892,399,111,3,2025-12-31
4893,100,36,5,2025-09-24
4894,788,169,3,2025-11-09
4895,841,96,4,2025-08-24
4896,638,150,5,2026-08-21
4897,672,69,2,2026-02-15
4898,607,125,1,2025-11-17
4899,876,26,1,2025-12-01
4900,615,113,2,2025-11-01
4901,272,191,5,2026-08-09
4902,59,135,3,2026-06-16
4903,565,62,1,2026-07-22
4904,583,68,3,2025-09-03
4905,353,7,5,2025-09-11
4906,46,77,1,2026-04-14
4907,270,162,4,2025-10-21
4908,995,34,2,2025-10-06
4909,218,193,2,2026-03-30
4910,747,112,2,2025-12-07
4911,408,34,1,2025-11-14
4912,830,45,1,2026-02-10
4913,477,94,2,2025-09-15
4914,456,149,2,2026-03-22
4915,179,134,3,2025-11-04
4916,775,2,3,2025-10-06
4917,569,87,4,2025-11-16
4918,912,72,2,2025-09-05
4919,498,172,4,2025-12-06
4920,950,150,5,2026-01-30
4921,797,185,1,2026-04-01
4922,138,179,4,2025-12-21
4923,926,39,1,2026-02-11
4924,131,193,3,2025-10-24
4925,26,32,3,2025-09-24
4926,271,25,3,2026-05-20
4927,624,5,3,2026-08-20
4928,347,153,1,2026-08-18
4929,989,16,2,2026-06-22
4930,172,2,1,2025-11-10
4931,656,123,4,2026-05-27
4932,332,20,4,2026-03-27
4933,86,97,1,2025-12-18
4934,357,64,2,2026-04-10
4935,809,77,3,2025-10-08
4936,883,168,3,2025-11-27
4937,486,67,1,2026-02-13
4938,165,73,4,2026-03-14
4939,322,194,1,2025-12-15
4940,594,11,5,2026-01-05
4941,948,161,2,2025-11-15
4942,988,112,2,2026-07-17
4943,784,135,1,2026-07-02
4944,8,110,5,2025-09-29
4945,698,19,4,2026-05-27
4946,440,175,2,2026-06-16
4947,452,166,4,2026-08-11
4948,127,151,4,2026-06-05
4949,266,153,2,2026-01-15
4950,239,104,3,2026-07-31
4951,931,176,5,2025-12-25
4952,943,12,3,2026-03-06
4953,29,114,2,2025-08-27
4954,512,127,3,2026-01-13
4955,195,157,3,2026-04-14
4956,313,49,2,2025-09-03
4957,955,78,2,2026-05-15
4958,228,124,1,2026-01-26
4959,334,166,4,2026-03-03
4960,950,104,1,2026-03-16
4961,918,119,1,2026-01-19
4962,984,12,2,2026-07-24
4963,89,20,3,2025-12-15
4964,832,57,1,2025-11-28
4965,459,163,5,2026-05-18
4966,487,67,5,2025-10-23
4967,743,26,1,2026-08-13
4968,416,173,4,2025-12-26
4969,575,68,2,2026-07-05
4970,792,124,3,2026-03-10
4971,885,31,1,2026-03-18
4972,430,34,5,2026-02-12
4973,562,107,5,2026-05-09
4974,590,165,4,2026-02-10
4975,321,28,3,2026-06-30
4976,108,36,4,2026-06-21
4977,678,198,5,2026-07-12
4978,630,104,5,2026-02-06
4979,38,135,5,2025-08-30
4980,701,139,3,2025-11-06
4981,543,75,1,2026-05-11
4982,292,26,5,2026-05-18
4983,511,107,2,2026-02-02
4984,75,122,2,2026-04-27
4985,712,71,2,2025-12-30
4986,964,43,4,2025-08-31
4987,570,62,4,2026-03-04
4988,743,23,3,2026-06-28
4989,732,78,4,2026-06-29
4990,618,80,2,2025-12-25
4991,453,93,4,2026-01-21
4992,728,57,2,2026-07-05
4993,671,166,1,2026-01-02
4994,186,152,5,2025-12-30
4995,921,48,5,2025-10-02
4996,760,40,5,2026-03-29
4997,549,71,1,2026-04-17
4998,417,27,4,2026-07-07
4999,619,145,4,2026-03-15
5000,719,36,5,2025-09-30
